Scientific.Name,Longitude,Latitude
Lutjanus fulvus,127.772,26.4453
Lutjanus fulvus,-158.065523,21.652991
Lutjanus fulvus,145.778275,-15.519852
Lutjanus fulvus,81.228447,8.691505
Lutjanus fulvus,-158.067582,21.656501
Lutjanus fulvus,-158.059342,21.654267
Lutjanus fulvus,-157.695895,21.270755
Lutjanus fulvus,-159.495289,21.880702
Lutjanus fulvus,96.885447,-12.1057
Lutjanus fulvus,-158.132036,21.354588
Lutjanus fulvus,-158.052181,21.663419
Lutjanus fulvus,-157.721229,21.470602
Lutjanus fulvus,-156.500244,20.629893
Lutjanus fulvus,-174.53722,-4.65222
Lutjanus fulvus,-122.324,47.3491
Lutjanus fulvus,134.2289,7.2097
Lutjanus fulvus,178.360333,-18.1505
Lutjanus fulvus,-178.525833,-16.835667
Lutjanus fulvus,178.280167,-16.83
Lutjanus fulvus,145.7386,15.2256
Lutjanus fulvus,120.47,22.44
Lutjanus fulvus,-171.595745,-13.872482
Lutjanus fulvus,166.436006,-22.30023
Lutjanus fulvus,-159.7955,-21.2311
Lutjanus fulvus,-172.362791,-13.442305
Lutjanus fulvus,177.386259,-16.914281
Lutjanus fulvus,-149.90059,-17.48783
Lutjanus fulvus,166.436322,-22.297778
Lutjanus fulvus,-178.414007,-19.143085
Lutjanus fulvus,-155.02888,19.736211
Lutjanus fulvus,-151.738656,-16.504436
Lutjanus fulvus,-155.027121,19.734395
Lutjanus fulvus,-171.593083,-13.873957
Lutjanus fulvus,-158.06301,21.652648
Lutjanus fulvus,144.800565,13.52516
Lutjanus fulvus,49.862127,-17.028069
Lutjanus fulvus,49.862124,-17.028086
Lutjanus fulvus,-149.807763,-17.592416
Lutjanus fulvus,130.55635,-2.24498
Lutjanus fulvus,-158.062844,21.652609000000002
Lutjanus fulvus,-157.83882,21.281379
Lutjanus fulvus,-151.743695,-16.46457
Lutjanus fulvus,119.949223,8.865618
Lutjanus fulvus,49.862132,-17.028069
Lutjanus fulvus,-149.84451,-17.483601
Lutjanus fulvus,-149.845025,-17.483263
Lutjanus fulvus,-149.598542,-17.661956
Lutjanus fulvus,-158.063294,21.65461
Lutjanus fulvus,121.999343,25.017819
Lutjanus fulvus,165.256755,-20.816578
Lutjanus fulvus,146,-16.8
Lutjanus fulvus,116.088208,-8.350671
Lutjanus fulvus,-149.843481,-17.483355
Lutjanus fulvus,125.616199,-8.521476
Lutjanus fulvus,177.205214,-17.140279
Lutjanus fulvus,-159.454289,21.873128
Lutjanus fulvus,-158.063151,21.647199
Lutjanus fulvus,-149.84383,-17.484148
Lutjanus fulvus,-149.914362,-17.488937
Lutjanus fulvus,-162.043368,5.882441
Lutjanus fulvus,-149.907873,-17.48991
Lutjanus fulvus,125.138505,1.742716
Lutjanus fulvus,-155.055508,19.73958
Lutjanus fulvus,-157.83528,21.288697
Lutjanus fulvus,-157.755447,21.434781
Lutjanus fulvus,125.13991,1.742238
Lutjanus fulvus,123.343316,9.921903
Lutjanus fulvus,-157.69451,21.272526
Lutjanus fulvus,166.437602,-22.29981
Lutjanus fulvus,-149.892081,-17.482358
Lutjanus fulvus,124.766333,1.599361
Lutjanus fulvus,124.736896,1.606652
Lutjanus fulvus,-158.063526,21.650098
Lutjanus fulvus,144.282471,-13.802465
Lutjanus fulvus,165.232752,-20.779411
Lutjanus fulvus,165.355731,-21.596853
Lutjanus fulvus,-156.437683,20.614119
Lutjanus fulvus,118.948945,4.576259
Lutjanus fulvus,144.701313,13.471448
Lutjanus fulvus,145.717721,15.218437
Lutjanus fulvus,165.253172,-20.785005
Lutjanus fulvus,110.798662,-8.192048
Lutjanus fulvus,-157.695536,21.272494
Lutjanus fulvus,-155.826712,20.003363
Lutjanus fulvus,-159.594803,21.903788
Lutjanus fulvus,166.866687,11.157786
Lutjanus fulvus,166.895918,11.173841
Lutjanus fulvus,166.843046,11.148967
Lutjanus fulvus,166.882067,11.157271
Lutjanus fulvus,166.838679,11.151681
Lutjanus fulvus,166.885774,11.156579
Lutjanus fulvus,166.843792,11.153993
Lutjanus fulvus,166.89014,11.155093
Lutjanus fulvus,166.836834,11.152732
Lutjanus fulvus,166.895735,11.179056
Lutjanus fulvus,166.83751,11.152035
Lutjanus fulvus,166.723784,11.191619
Lutjanus fulvus,166.836496,11.153451
Lutjanus fulvus,166.779955,11.168257
Lutjanus fulvus,121.098326,-6.566172
Lutjanus fulvus,179.118087,-8.429972
Lutjanus fulvus,130.605736,-0.59147
Lutjanus fulvus,123.892085,-5.771158
Lutjanus fulvus,-179.937683,-16.445017
Lutjanus fulvus,178.400333,-18.163933
Lutjanus fulvus,166.435959,-22.295743
Lutjanus fulvus,177.401832,-16.931892
Lutjanus fulvus,166.43596,-22.295473
Lutjanus fulvus,120.381433,22.353564
Lutjanus fulvus,177.139223,-17.353996
Lutjanus fulvus,-155.829893,19.979476
Lutjanus fulvus,-159.670625,21.953572
Lutjanus fulvus,125.923379,-7.6702
Lutjanus fulvus,96.879217,-12.091352
Lutjanus fulvus,93.030849,11.824374
Lutjanus fulvus,72.37937,-7.263349
Lutjanus fulvus,127.755975,26.302829
Lutjanus fulvus,-149.760696,-17.500269
Lutjanus fulvus,-162.04281,5.881409
Lutjanus fulvus,166.434942,-22.298003
Lutjanus fulvus,150.733881,-2.663594
Lutjanus fulvus,96.826324,-12.131273
Lutjanus fulvus,-155.062067,19.727036
Lutjanus fulvus,125.885452,-8.475629
Lutjanus fulvus,167.126984,-20.786775
Lutjanus fulvus,55.224792,-21.082705
Lutjanus fulvus,-157.837795,21.508363
Lutjanus fulvus,-178.536229,-19.150797
Lutjanus fulvus,96.818133,-12.16467
Lutjanus fulvus,96.86479,-12.198574
Lutjanus fulvus,55.22583,-21.02472
Lutjanus fulvus,55.28437,-21.18418
Lutjanus fulvus,-151.05002,-16.71502
Lutjanus fulvus,-148.27879,-15.00903
Lutjanus fulvus,167.26381,-20.90201
Lutjanus fulvus,-145.37633,-16.4276
Lutjanus fulvus,-140.10739,-8.91737
Lutjanus fulvus,-151.7438,-16.46555
Lutjanus fulvus,-149.89165,-17.48092
Lutjanus fulvus,167.34895,-20.93224
Lutjanus fulvus,166.43318,-22.31183
Lutjanus fulvus,165.39089,-20.83705
Lutjanus fulvus,-151.04075,-16.72719
Lutjanus fulvus,-151.72762,-16.54103
Lutjanus fulvus,33.83167,27.28463
Lutjanus fulvus,-151.03835,-16.69201
Lutjanus fulvus,55.21915,-21.05823
Lutjanus fulvus,55.22074,-21.0866
Lutjanus fulvus,-151.04745,-16.7262
Lutjanus fulvus,167.41508,-22.52371
Lutjanus fulvus,-145.46107,-16.51928
Lutjanus fulvus,33.90808,27.35267
Lutjanus fulvus,-151.785,-16.5014
Lutjanus fulvus,167.12133,-20.78837
Lutjanus fulvus,55.22477,-21.02551
Lutjanus fulvus,55.22583,-21.02487
Lutjanus fulvus,55.2167,-21.06265
Lutjanus fulvus,-149.76273,-17.53691
Lutjanus fulvus,165.38351,-20.83705
Lutjanus fulvus,-149.82127,-17.47077
Lutjanus fulvus,166.4355,-22.296
Lutjanus fulvus,166.436552,-22.300855
Lutjanus fulvus,-149.913955,-17.489413
Lutjanus fulvus,96.873133,-12.086802
Lutjanus fulvus,125.968885,-7.677141
Lutjanus fulvus,-149.324239,-17.766844
Lutjanus fulvus,-149.774977,-17.550033
Lutjanus fulvus,-155.997253,19.822109
Lutjanus fulvus,173.855064,0.342753
Lutjanus fulvus,130.601492,-0.599836
Lutjanus fulvus,-178.704875,-17.515602
Lutjanus fulvus,-155.997972,19.822684
Lutjanus fulvus,-151.727138,-16.54185
Lutjanus fulvus,-148.200888,-15.107501
Lutjanus fulvus,125.937,9.6176
Lutjanus fulvus,-151.727235,-16.541835
Lutjanus fulvus,-159.607629,21.89829
Lutjanus fulvus,-149.850907,-17.491855
Lutjanus fulvus,-151.744142,-16.46618
Lutjanus fulvus,123.191071,9.087763
Lutjanus fulvus,96.866616,-12.200644
Lutjanus fulvus,96.866554,-12.200643
Lutjanus fulvus,130.953333,30.434722
Lutjanus fulvus,129.466667,28.4
Lutjanus fulvus,128.656944,27.395
Lutjanus fulvus,130.229167,31.268333
Lutjanus fulvus,130.0025,28.338056
Lutjanus fulvus,124.146111,24.340278
Lutjanus fulvus,129.966111,28.285
Lutjanus fulvus,130.0075,28.339722
Lutjanus fulvus,129.921111,28.320556
Lutjanus fulvus,129.408611,28.253056
Lutjanus fulvus,130.524722,30.448056
Lutjanus fulvus,130.960833,30.456389
Lutjanus fulvus,129.853056,29.835556
Lutjanus fulvus,130.953889,30.434722
Lutjanus fulvus,131.068056,30.811389
Lutjanus fulvus,129.975556,28.283889
Lutjanus fulvus,130.953889,30.442778
Lutjanus fulvus,128.656944,27.3925
Lutjanus fulvus,131.069167,30.690833
Lutjanus fulvus,129.466667,28.466667
Lutjanus fulvus,130.434722,31.254167
Lutjanus fulvus,129.251111,28.117778
Lutjanus fulvus,130.933333,30.366667
Lutjanus fulvus,131.227,25.87
Lutjanus fulvus,-151.42994,-16.64931
Lutjanus fulvus,130.276821,-0.566554
Lutjanus fulvus,130.276309,-0.565996
Lutjanus fulvus,-157.677637,21.280701
Lutjanus fulvus,96.88614,-12.094526
Lutjanus fulvus,166.43672,-22.300416
Lutjanus fulvus,173.405971,0.230777
Lutjanus fulvus,-157.755621,21.434566
Lutjanus fulvus,172.89819,3.210594
Lutjanus fulvus,-151.424406,-16.739364
Lutjanus fulvus,-151.027697,-16.781085
Lutjanus fulvus,47.977942,-13.487454
Lutjanus fulvus,166.436,-22.298
Lutjanus fulvus,-151.010293,-16.798075
Lutjanus fulvus,-156.496247,20.632839
Lutjanus fulvus,172.943603,3.21568
Lutjanus fulvus,166.436324,-22.300424
Lutjanus fulvus,166.465233,-22.476298
Lutjanus fulvus,166.466207,-22.476495
Lutjanus fulvus,-142,-19
Lutjanus fulvus,114.5255,-8.0926
Lutjanus fulvus,-157.695779,21.272508
Lutjanus fulvus,-156.638533,21.013947
Lutjanus fulvus,-157.696638,21.274409
Lutjanus fulvus,-156.638817,21.015428
Lutjanus fulvus,172.939732,3.193369
Lutjanus fulvus,-157.694689,21.275323
Lutjanus fulvus,166.436,-22.3
Lutjanus fulvus,166.437146,-22.300715
Lutjanus fulvus,121.645185,23.790592
Lutjanus fulvus,115.455586,-8.678583
Lutjanus fulvus,166.436503,-22.295937
Lutjanus fulvus,-156.497586,20.634074
Lutjanus fulvus,-156.494759,20.633825
Lutjanus fulvus,143.832458,-12.851714
Lutjanus fulvus,145.894259,-16.190762
Lutjanus fulvus,-159.469037,21.877159
Lutjanus fulvus,-151.425038,-16.644674
Lutjanus fulvus,124.184189,24.452106
Lutjanus fulvus,-151.424213,-16.64494
Lutjanus fulvus,-157.693792,21.269036
Lutjanus fulvus,-151.776212,-16.480825
Lutjanus fulvus,-156.459313,20.636841
Lutjanus fulvus,-151.775959,-16.480801
Lutjanus fulvus,-156.455848,20.63754
Lutjanus fulvus,166.42167799999999,-22.423773
Lutjanus fulvus,130.782205,-0.438877
Lutjanus fulvus,-159.796714,-18.84575
Lutjanus fulvus,168.270468,-17.773965
Lutjanus fulvus,168.285635,-17.756028
Lutjanus fulvus,168.309388,-17.769546
Lutjanus fulvus,130.724504,-0.49587
Lutjanus fulvus,130.455344,-0.509662
Lutjanus fulvus,121.943,10.743
Lutjanus fulvus,119.708,15.129
Lutjanus fulvus,123.307,9.306
Lutjanus fulvus,124.067,10.032
Lutjanus fulvus,122.059661,-0.250812
Lutjanus fulvus,120.799091,21.933291
Lutjanus fulvus,149.15,-16.966667
Lutjanus fulvus,120.799801,21.928666
Lutjanus fulvus,130.726108,-0.496875
Lutjanus fulvus,-175.193358,-21.133562
Lutjanus fulvus,130.621044,-0.553945
Lutjanus fulvus,55.472959,-21.344893
Lutjanus fulvus,-156.437555,20.614229
Lutjanus fulvus,124.67372400000001,10.515621
Lutjanus fulvus,149.195108,-16.934555
Lutjanus fulvus,-149.865145,-17.574657
Lutjanus fulvus,-156.965819,20.736473
Lutjanus fulvus,145.454497,-14.660875
Lutjanus fulvus,171.183999,8.501623
Lutjanus fulvus,-156.442011,20.652747
Lutjanus fulvus,130.4203,-0.283
Lutjanus fulvus,145.450216,-14.660778
Lutjanus fulvus,-157.695775,21.270785
Lutjanus fulvus,-149.760105,-17.500573
Lutjanus fulvus,166.635726,-13.330114
Lutjanus fulvus,-149.760411,-17.500462
Lutjanus fulvus,156.99096,-8.16691
Lutjanus fulvus,156.99793,-8.16376
Lutjanus fulvus,156.97221,-8.07216
Lutjanus fulvus,156.95156,-8.15364
Lutjanus fulvus,156.97002,-8.1639
Lutjanus fulvus,156.96435,-8.15997
Lutjanus fulvus,157.0194,-8.14806
Lutjanus fulvus,156.9768,-8.16748
Lutjanus fulvus,156.95832,-8.15584
Lutjanus fulvus,157.43451,-8.71755
Lutjanus fulvus,157.01547,-8.10551
Lutjanus fulvus,156.9631,-8.0582
Lutjanus fulvus,156.9594,-8.05163
Lutjanus fulvus,156.9684,-8.06641
Lutjanus fulvus,156.97793,-8.07842
Lutjanus fulvus,123.77208,9.548237
Lutjanus fulvus,130.661426,-0.571471
Lutjanus fulvus,130.519395,-0.563605
Lutjanus fulvus,130.515506,-0.562518
Lutjanus fulvus,-158.12282,21.328654
Lutjanus fulvus,-155.830351,19.980677
Lutjanus fulvus,-159.458176,21.874175
Lutjanus fulvus,-156.436982,20.613357
Lutjanus fulvus,-149.864753,-17.57418
Lutjanus fulvus,-155.997236,19.821672
Lutjanus fulvus,-149.864197,-17.57399
Lutjanus fulvus,169.498303,-19.52493
Lutjanus fulvus,130.519318,-0.563599
Lutjanus fulvus,179.277914,-16.819
Lutjanus fulvus,-155.997139,19.821089
Lutjanus fulvus,179.930357,-16.777697
Lutjanus fulvus,-156.006891,19.811151
Lutjanus fulvus,-149.826204,-17.490784
Lutjanus fulvus,72.391614,-7.299684
Lutjanus fulvus,-157.69624,21.270315
Lutjanus fulvus,146.870522,-19.14867
Lutjanus fulvus,166.437827,-22.297674
Lutjanus fulvus,-156.439167,20.687181
Lutjanus fulvus,134.382427,7.276676
Lutjanus fulvus,156.966674,-8.062686
Lutjanus fulvus,134.382427,7.276675
Lutjanus fulvus,119.63841,-8.51011
Lutjanus fulvus,-159.445174,22.223959
Lutjanus fulvus,168.262486,-17.696667
Lutjanus fulvus,-149.757547,-17.498685
Lutjanus fulvus,115.592968,-8.274041
Lutjanus fulvus,-159.498455,22.219198
Lutjanus fulvus,-155.862191,19.95136
Lutjanus fulvus,157.951777,-8.430255
Lutjanus fulvus,166.33147,-22.29565
Lutjanus fulvus,166.33245,-22.33168
Lutjanus fulvus,166.31983,-22.32483
Lutjanus fulvus,166.3312,-22.32553
Lutjanus fulvus,166.32977,-22.32611
Lutjanus fulvus,146.881025,-19.12247
Lutjanus fulvus,40.003174,-3.375034
Lutjanus fulvus,-159.558589,22.226804
Lutjanus fulvus,-155.997503,19.822348
Lutjanus fulvus,-155.997018,19.821981
Lutjanus fulvus,119.076326,-4.979846
Lutjanus fulvus,-179.996872,-16.79101
Lutjanus fulvus,35.574757,24.239256
Lutjanus fulvus,-148.182343,-15.004955
Lutjanus fulvus,-159.735305,-21.270052
Lutjanus fulvus,-178.421769,-19.196537
Lutjanus fulvus,-155.824858,20.004111
Lutjanus fulvus,-178.410842,-19.122827
Lutjanus fulvus,-149.892088,-17.482331
Lutjanus fulvus,120.758103,21.943065
Lutjanus fulvus,-149.845089,-17.476331
Lutjanus fulvus,-155.888536,19.915547
Lutjanus fulvus,-178.415037,-19.143248
Lutjanus fulvus,150.086696,-5.436931
Lutjanus fulvus,168.25,-17.7
Lutjanus fulvus,145.89426,-16.217806
Lutjanus fulvus,179.403337,-16.806566
Lutjanus fulvus,179.403287,-16.80673
Lutjanus fulvus,179.403398,-16.806509
Lutjanus fulvus,-171.595445,-14.042644
Lutjanus fulvus,152.31116,-4.33542
Lutjanus fulvus,179.403422,-16.806594
Lutjanus fulvus,179.403365,-16.806488
Lutjanus fulvus,-179.824416,-18.928358
Lutjanus fulvus,179.403236,-16.806479
Lutjanus fulvus,73.058953,5.297289
Lutjanus fulvus,179.403592,-16.806743
Lutjanus fulvus,132.71595,-10.35873
Lutjanus fulvus,124.97698,-14.37773
Lutjanus fulvus,125.79545,-13.94425
Lutjanus fulvus,124.40903,-15.721
Lutjanus fulvus,124.16638,-15.28697
Lutjanus fulvus,124.6034,-15.92432
Lutjanus fulvus,96.87086,-12.1876
Lutjanus fulvus,96.81712,-12.1669
Lutjanus fulvus,96.81695,-12.14305
Lutjanus fulvus,96.90721,-12.16638
Lutjanus fulvus,96.85301,-12.19268
Lutjanus fulvus,96.87998,-12.1721
Lutjanus fulvus,96.83913,-12.20502
Lutjanus fulvus,96.87671,-12.09784
Lutjanus fulvus,96.90445,-12.1573
Lutjanus fulvus,96.83683,-12.15052
Lutjanus fulvus,96.86282,-12.19255
Lutjanus fulvus,96.88353,-12.10669
Lutjanus fulvus,96.82032,-12.15872
Lutjanus fulvus,96.81774,-12.1506
Lutjanus fulvus,96.86118,-12.18167
Lutjanus fulvus,96.82305,-12.17111
Lutjanus fulvus,96.84333,-12.20715
Lutjanus fulvus,96.88376,-12.10199
Lutjanus fulvus,96.85864,-12.19037
Lutjanus fulvus,96.8934,-12.1682
Lutjanus fulvus,96.90341,-12.15275
Lutjanus fulvus,96.8429,-12.15332
Lutjanus fulvus,96.87314,-12.17355
Lutjanus fulvus,96.90469,-12.16214
Lutjanus fulvus,122.98317,-12.23793
Lutjanus fulvus,136.755,-9.642
Lutjanus fulvus,-147.645278,-15.125278
Lutjanus fulvus,-134.966667,-23.116667
Lutjanus fulvus,-139.383333,-9.45
Lutjanus fulvus,-149.833333,-17.533333
Lutjanus fulvus,145.466667,-14.666667
Lutjanus fulvus,123.880762,-5.782702
Lutjanus fulvus,-157.696066,21.269596
Lutjanus fulvus,-156.638359,21.013457
Lutjanus fulvus,-156.447836,20.718214
Lutjanus fulvus,72.375179,-7.259163
Lutjanus fulvus,123.14368,-12.22362
Lutjanus fulvus,123.15187,-12.22563
Lutjanus fulvus,123.12804,-12.23619
Lutjanus fulvus,123.01118,-12.24043
Lutjanus fulvus,123.10884,-12.18806
Lutjanus fulvus,-155.013957,19.737309
Lutjanus fulvus,-148.279549,-15.824487
Lutjanus fulvus,177.173435,-17.200848
Lutjanus fulvus,-155.932302,19.482044
Lutjanus fulvus,124.87887,1.629777
Lutjanus fulvus,-159.562622,22.224083
Lutjanus fulvus,146.812963,-19.196956
Lutjanus fulvus,125.497491,-8.55559
Lutjanus fulvus,-158.10515,21.592757
Lutjanus fulvus,72.37414,-7.259425
Lutjanus fulvus,-159.468128,21.878349
Lutjanus fulvus,72.435054,-7.431366
Lutjanus fulvus,145.35517,-14.78517
Lutjanus fulvus,146.42742,-18.8125
Lutjanus fulvus,145.99932,-16.92195
Lutjanus fulvus,146.43005,-18.81157
Lutjanus fulvus,147.0013,-18.46053
Lutjanus fulvus,146.05402,-16.5515
Lutjanus fulvus,145.8716,-16.04757
Lutjanus fulvus,146.54137,-18.834
Lutjanus fulvus,145.90753,-16.20752
Lutjanus fulvus,145.37527,-14.76455
Lutjanus fulvus,145.49517,-14.653
Lutjanus fulvus,145.99313,-16.92315
Lutjanus fulvus,145.37643,-14.75943
Lutjanus fulvus,146.43265,-18.8107
Lutjanus fulvus,145.3535,-14.78883
Lutjanus fulvus,149.69205,-20.0376
Lutjanus fulvus,145.99608,-16.92307
Lutjanus fulvus,145.65455,-16.04263
Lutjanus fulvus,145.57345,-16.39022
Lutjanus fulvus,145.57095,-16.38352
Lutjanus fulvus,145.3514,-14.79255
Lutjanus fulvus,145.5726,-16.38648
Lutjanus fulvus,145.84515,-16.07158
Lutjanus fulvus,-157.6937,21.269326
Lutjanus fulvus,145.881327,-16.210456
Lutjanus fulvus,134.256992,7.087852
Lutjanus fulvus,134.269626,7.119983
Lutjanus fulvus,177.319213,-18.106962
Lutjanus fulvus,-159.457809,21.874482
Lutjanus fulvus,145.970016,-16.758812
Lutjanus fulvus,120.891125,13.688
Lutjanus fulvus,144.801276,13.524722
Lutjanus fulvus,-157.826843,21.47224
Lutjanus fulvus,123.362571,9.965338
Lutjanus fulvus,145.974356,-16.606673
Lutjanus fulvus,144.702674,13.471009
Lutjanus fulvus,123.887528,-5.771697
Lutjanus fulvus,92.7075,11.4839
Lutjanus fulvus,144.803358,13.524305
Lutjanus fulvus,144.702666,13.470828
Lutjanus fulvus,144.702738,13.470947
Lutjanus fulvus,-159.817255,-21.258464
Lutjanus fulvus,30.816667,-30.25
Lutjanus fulvus,144.789318,13.506596
Lutjanus fulvus,120.976604,13.525748
Lutjanus fulvus,-149.826129,-17.490874
Lutjanus fulvus,121.522471,23.528374
Lutjanus fulvus,121.522495,23.528404
Lutjanus fulvus,-149.858688,-17.485393
Lutjanus fulvus,-151.747693,-16.535628
Lutjanus fulvus,-146.065998,-14.439466
Lutjanus fulvus,121.636191,23.761769
Lutjanus fulvus,43.302813,-11.378307
Lutjanus fulvus,121.647719,23.570435
Lutjanus fulvus,167.528087,-22.583895
Lutjanus fulvus,-151.772651,-16.529183
Lutjanus fulvus,121.51199,23.438092
Lutjanus fulvus,121.548538,23.589157
Lutjanus fulvus,167.528186,-22.583858
Lutjanus fulvus,-162.09386,5.888579
Lutjanus fulvus,144.702502,13.47103
Lutjanus fulvus,125.500333,-8.5565
Lutjanus fulvus,115.654377,-8.334232
Lutjanus fulvus,-155.997577,19.822391
Lutjanus fulvus,119.826641,8.736321
Lutjanus fulvus,-156.442055,20.653496
Lutjanus fulvus,-159.756064,-18.847836
Lutjanus fulvus,-157.695283,21.2726
Lutjanus fulvus,144.687953,13.465771
Lutjanus fulvus,-157.82481,21.273051
Lutjanus fulvus,130.725545,-0.499002
Lutjanus fulvus,144.703953,13.471199
Lutjanus fulvus,123.89355,-5.775017
Lutjanus fulvus,144.703868,13.470952
Lutjanus fulvus,179.421172,-16.80195
Lutjanus fulvus,39.540374,-6.461143
Lutjanus fulvus,-155.027618,19.734223
Lutjanus fulvus,166.437267,-22.296618
Lutjanus fulvus,165.042051,-20.638373
Lutjanus fulvus,129.410278,28.254444
Lutjanus fulvus,129.721111,28.450278
Lutjanus fulvus,124.202778,24.354444
Lutjanus fulvus,128.571667,27.329444
Lutjanus fulvus,129.605278,28.435556
Lutjanus fulvus,120.466993,-5.598478
Lutjanus fulvus,145.676817,-14.928342
Lutjanus fulvus,144.702685,13.471236
Lutjanus fulvus,-157.696042,21.271103
Lutjanus fulvus,178.433339,-18.100064
Lutjanus fulvus,178.433558,-18.083556
Lutjanus fulvus,-179.866753,-16.816806
Lutjanus fulvus,-179.88335,-16.850069
Lutjanus fulvus,-157.822656,21.262978
Lutjanus fulvus,123.264957,9.184929
Lutjanus fulvus,130.565967,-2.244608
Lutjanus fulvus,130.45513,-0.5102
Lutjanus fulvus,-157.822349,21.262548
Lutjanus fulvus,-155.861856,19.951065
Lutjanus fulvus,130.6033,-0.58978
Lutjanus fulvus,-159.670602,21.951664
Lutjanus fulvus,177.205021,-17.160012
Lutjanus fulvus,167.658338,8.765981
Lutjanus fulvus,80.239708,6.013319
Lutjanus fulvus,167.658337,8.765994
Lutjanus fulvus,167.658328,8.765994
Lutjanus fulvus,144.703584,13.472209
Lutjanus fulvus,167.658331,8.765999
Lutjanus fulvus,167.568662,8.90559
Lutjanus fulvus,167.658331,8.765997
Lutjanus fulvus,96.870865,-12.199695
Lutjanus fulvus,127.312722,-8.413278
Lutjanus fulvus,166.435,-22.312
Lutjanus fulvus,57.36605,-20.276547
Lutjanus fulvus,145.9729,-16.60543
Lutjanus fulvus,93.01792,11.98024
Lutjanus fulvus,45.080644,-12.963458
Lutjanus fulvus,123.272069,9.189796
Lutjanus fulvus,165.255822,-20.781954
Lutjanus fulvus,-159.817087,-21.259499
Lutjanus fulvus,144.795578,13.509325
Lutjanus fulvus,125.257091,24.748523
Lutjanus fulvus,-156.442471,20.651864
Lutjanus fulvus,165.320173,-20.928067
Lutjanus fulvus,45.269495,-12.867766
Lutjanus fulvus,-155.96983,19.64064
Lutjanus fulvus,-152.275363,-16.450238
Lutjanus fulvus,-151.73481,-16.541921
Lutjanus fulvus,-149.295564,-17.805742
Lutjanus fulvus,166.436152,-22.301313
Lutjanus fulvus,177.419386,-18.143112
Lutjanus fulvus,166.44953,-22.493733
Lutjanus fulvus,134.437298,7.3419
Lutjanus fulvus,125.153507,1.743349
Lutjanus fulvus,166.434598,-22.296025
Lutjanus fulvus,125.908042,-8.477393
Lutjanus fulvus,125.153439,1.743413
Lutjanus fulvus,125.153453,1.743362
Lutjanus fulvus,124.010925,24.235069
Lutjanus fulvus,125.153412,1.743422
Lutjanus fulvus,-158.065569,21.647744
Lutjanus fulvus,-158.111159,21.595405
Lutjanus fulvus,-149.825819,-17.490132
Lutjanus fulvus,145.996625,-16.42858
Lutjanus fulvus,145.9,-16.7
Lutjanus fulvus,130.690838,-0.521711
Lutjanus fulvus,-159.545536,22.22291
Lutjanus fulvus,130.700135,-0.519189
Lutjanus fulvus,145.982585,-16.462043
Lutjanus fulvus,-157.692161,21.268696
Lutjanus fulvus,-151.385584,-16.893989
Lutjanus fulvus,-149.330442,-17.752978
Lutjanus fulvus,-156.928912,20.733556
Lutjanus fulvus,-156.497238,20.634422
Lutjanus fulvus,-156.639331,21.015303
Lutjanus fulvus,178.101722,-18.381542
Lutjanus fulvus,-143.44337,-17.47679
Lutjanus fulvus,178.09039,-18.408724
Lutjanus fulvus,-159.324111,22.023622
Lutjanus fulvus,178.090561,-18.408684
Lutjanus fulvus,178.090486,-18.408765
Lutjanus fulvus,178.09039,-18.408745
Lutjanus fulvus,145.973802,-16.759723
Lutjanus fulvus,120.744847,21.925826
Lutjanus fulvus,145.561879,-16.38386
Lutjanus fulvus,80.295542,13.12512
Lutjanus fulvus,-149.609048,-17.543872
Lutjanus fulvus,120.746582,21.936781
Lutjanus fulvus,-178.551046,-19.142415
Lutjanus fulvus,39.380837,-4.658805
Lutjanus fulvus,43.708585,-12.390902
Lutjanus fulvus,118.633468,4.253618
Lutjanus fulvus,-158.112725,21.595873
Lutjanus fulvus,144.703393,13.472893
Lutjanus fulvus,-178.550016,-19.140793
Lutjanus fulvus,-158.067618,21.654882
Lutjanus fulvus,-149.598975,-17.019323
Lutjanus fulvus,120.38992,22.346377
Lutjanus fulvus,144.642521,13.460581
Lutjanus fulvus,120.747694,21.937536
Lutjanus fulvus,166.417,-22.477
Lutjanus fulvus,-155.0135,19.736288
Lutjanus fulvus,-159.468887,21.878837
Lutjanus fulvus,178.703703,-17.97539
Lutjanus fulvus,145.97172,-16.756158
Lutjanus fulvus,-159.46845,21.878119
Lutjanus fulvus,-159.446963,22.224697
Lutjanus fulvus,84.9,19.25
Lutjanus fulvus,-173.982333,-18.7018
Lutjanus fulvus,-174.07778,-18.69208
Lutjanus fulvus,-175.167165,-21.117974
Lutjanus fulvus,-174.01478,-18.84899
Lutjanus fulvus,-175.405574,-20.542331
Lutjanus fulvus,-174.076,-18.704
Lutjanus fulvus,-174.1294,-18.695167
Lutjanus fulvus,-174.811567,-20.2728
Lutjanus fulvus,-174.003417,-18.658417
Lutjanus fulvus,-174.795366,-20.275322
Lutjanus fulvus,-175.2662,-21.050738
Lutjanus fulvus,-173.955433,-18.7133
Lutjanus fulvus,-174.418412,-19.911852
Lutjanus fulvus,-173.953233,-18.6977
Lutjanus fulvus,-174.6973,-20.058738
Lutjanus fulvus,-174.419682,-19.913275
Lutjanus fulvus,-175.198496,-21.128952
Lutjanus fulvus,-174.418302,-19.910153
Lutjanus fulvus,-174.71525,-19.936889999999998
Lutjanus fulvus,-174.680697,-20.05785
Lutjanus fulvus,-173.973717,-18.674183
Lutjanus fulvus,-174.69924,-20.058538
Lutjanus fulvus,-173.944567,-18.716083
Lutjanus fulvus,-174.415109,-19.910308
Lutjanus fulvus,-173.972017,-18.65365
Lutjanus fulvus,-174.128817,-18.7096
Lutjanus fulvus,-174.01436,-18.75205
Lutjanus fulvus,-174.0099,-18.838717
Lutjanus fulvus,-174.771866,-20.010028
Lutjanus fulvus,-173.967817,-18.669467
Lutjanus fulvus,-174.698736,-20.057798
Lutjanus fulvus,-174.011083,-18.763467
Lutjanus fulvus,-174.098688,-18.75244
Lutjanus fulvus,-174.086517,-18.719383
Lutjanus fulvus,-175.382302,-20.533932
Lutjanus fulvus,-173.958017,-18.711833
Lutjanus fulvus,-173.952067,-18.727183
Lutjanus fulvus,-174.00875,-18.769517
Lutjanus fulvus,-173.996783,-18.65405
Lutjanus fulvus,-175.265363,-21.050587
Lutjanus fulvus,-174.0624,-18.8157
Lutjanus fulvus,-174.006183,-18.704517
Lutjanus fulvus,-175.222622,-21.118868
Lutjanus fulvus,-174.0011,-18.773017
Lutjanus fulvus,-174.418183,-19.862033
Lutjanus fulvus,-175.132365,-21.028968
Lutjanus fulvus,-174.754628,-20.0112
Lutjanus fulvus,-173.962783,-18.7215
Lutjanus fulvus,-175.103451,-21.114718
Lutjanus fulvus,-175.166045,-21.087665
Lutjanus fulvus,-175.292405,-21.044035
Lutjanus fulvus,-175.169633,-21.085524
Lutjanus fulvus,-174.984063,-21.124757
Lutjanus fulvus,-174.299849,-19.649342
Lutjanus fulvus,-175.191784,-21.125744
Lutjanus fulvus,-174.7897,-20.269599
Lutjanus fulvus,-174.747605,-19.95599
Lutjanus fulvus,-174.023783,-18.683183
Lutjanus fulvus,-174.126567,-18.691383
Lutjanus fulvus,-174.629267,-19.775567
Lutjanus fulvus,-175.235168,-21.106123
Lutjanus fulvus,-174.497534,-19.971164
Lutjanus fulvus,-174.702226,-19.949215
Lutjanus fulvus,-174.55105,-19.8309
Lutjanus fulvus,-174.681969,-20.058652
Lutjanus fulvus,-174.065983,-18.7589
Lutjanus fulvus,-174.788833,-20.2705
Lutjanus fulvus,-174.703006,-19.950148
Lutjanus fulvus,-174.082733,-18.71575
Lutjanus fulvus,-175.008249,-21.053296
Lutjanus fulvus,-174.702612,-19.942465
Lutjanus fulvus,-175.334528,-21.064712
Lutjanus fulvus,-173.99445,-18.723117
Lutjanus fulvus,-175.193947,-21.132926
Lutjanus fulvus,-173.992767,-18.65565
Lutjanus fulvus,-174.293499,-19.729008
Lutjanus fulvus,-175.192548,-21.100047
Lutjanus fulvus,-173.961033,-18.695267
Lutjanus fulvus,-173.985467,-18.749
Lutjanus fulvus,-175.200589,-21.114349
Lutjanus fulvus,-175.158547,-21.111216
Lutjanus fulvus,-173.9373,-18.65729
Lutjanus fulvus,-174.987426,-21.116986
Lutjanus fulvus,-174.338579,-19.757661
Lutjanus fulvus,-174.411561,-19.904041
Lutjanus fulvus,-175.214819,-21.0135
Lutjanus fulvus,-174.730366,-20.111135
Lutjanus fulvus,-174.526883,-19.840817
Lutjanus fulvus,-174.0176,-18.72678
Lutjanus fulvus,-174.741212,-19.956196
Lutjanus fulvus,-174.678867,-20.045319
Lutjanus fulvus,-174.516617,-19.8418
Lutjanus fulvus,-174.01171,-18.83889
Lutjanus fulvus,96.866304,-12.200672
Lutjanus fulvus,-158.065879,21.649538
Lutjanus fulvus,169.199172,-18.787698
Lutjanus fulvus,124.40075,-9.183324
Lutjanus fulvus,134.234607,7.126408
Lutjanus fulvus,134.271484,7.117752
Lutjanus fulvus,144.803216,13.518574
Lutjanus fulvus,-156.678008,20.870925
Lutjanus fulvus,99.370371,7.242598
Lutjanus fulvus,-156.496275,20.631818
Lutjanus fulvus,-156.496663,20.634832
Lutjanus fulvus,153.227889,-29.984426
Lutjanus fulvus,144.790799,13.505949
Lutjanus fulvus,-156.638012,21.014968
Lutjanus fulvus,-157.690735,21.268564
Lutjanus fulvus,-159.756617,-18.848422
Lutjanus fulvus,116.0824,-8.357833
Lutjanus fulvus,144.789254,13.506293
Lutjanus fulvus,125.500147,-8.555251
Lutjanus fulvus,55.22783,-21.021857
Lutjanus fulvus,125.613929,-8.214996
Lutjanus fulvus,39.384902,-4.650825
Lutjanus fulvus,144.703701,13.473655
Lutjanus fulvus,145.974015,-16.604325
Lutjanus fulvus,98.037658,9.364506
Lutjanus fulvus,39.386274,-4.650142
Lutjanus fulvus,-158.103724,21.598427
Lutjanus fulvus,114.516823,-8.093931
Lutjanus fulvus,-159.334155,22.041332
Lutjanus fulvus,145.971628,-16.761419
Lutjanus fulvus,-157.693878,21.267296
Lutjanus fulvus,-159.461643,22.22479
Lutjanus fulvus,-157.692612,21.267796
Lutjanus fulvus,-157.696733,21.270278
Lutjanus fulvus,-159.334158,22.041306
Lutjanus fulvus,55.334043,-21.269573
Lutjanus fulvus,-156.623138,20.809219
Lutjanus fulvus,-157.694958,21.270414
Lutjanus fulvus,-156.371264,20.909042
Lutjanus fulvus,-157.693206,21.2716
Lutjanus fulvus,39.516724,-6.146182
Lutjanus fulvus,-157.787041,21.43513
Lutjanus fulvus,178.066348,-18.336663
Lutjanus fulvus,-157.786376,21.435242
Lutjanus fulvus,-156.496326,20.63292
Lutjanus fulvus,-157.786977,21.434985
Lutjanus fulvus,130.190833,30.4625
Lutjanus fulvus,129.410833,28.253611
Lutjanus fulvus,124.25,24.454722
Lutjanus fulvus,178.988775,-17.598907
Lutjanus fulvus,-157.840303,21.28093
Lutjanus fulvus,-156.497857,20.633234
Lutjanus fulvus,178.994354,-17.595921
Lutjanus fulvus,-157.714943,21.393414
Lutjanus fulvus,-157.696143,21.271338
Lutjanus fulvus,-175.193215,-21.133592
Lutjanus fulvus,-157.694626,21.270343
Lutjanus fulvus,145.451678,-14.664157
Lutjanus fulvus,145.450916,-14.66368
Lutjanus fulvus,-158.066297,21.649493
Lutjanus fulvus,-149.85,-17.5133
Lutjanus fulvus,-135.047,-23.1457
Lutjanus fulvus,-149.925,-17.5027
Lutjanus fulvus,-135.044,-23.1471
Lutjanus fulvus,-162.044354,5.880048
Lutjanus fulvus,120.881352,13.729827
Lutjanus fulvus,-155.997281,19.633612
Lutjanus fulvus,127.996328,0.172871
Lutjanus fulvus,128.18,-3.69
Lutjanus fulvus,83.3,17.7
Lutjanus fulvus,-135.05,-23.15
Lutjanus fulvus,92.33,20.63
Lutjanus fulvus,-157.81,21.44
Lutjanus fulvus,32.68,-27.55
Lutjanus fulvus,145.74,15.23
Lutjanus fulvus,110.23,21.11
Lutjanus fulvus,-135.04,-23.15
Lutjanus fulvus,-153.94,-16.78
Lutjanus fulvus,-149.93,-17.5
Lutjanus fulvus,-149.85,-17.51
Lutjanus fulvus,115.15,-8.75
Lutjanus fulvus,114.38,-8.15
Lutjanus fulvus,-156.496275,20.633161
Lutjanus fulvus,-147.690432,-15.23408
Lutjanus fulvus,-157.824478,21.273067
Lutjanus fulvus,-148.189836,-15.015187
Lutjanus fulvus,-159.818036,-18.876593
Lutjanus fulvus,-159.791328,-18.837769
Lutjanus fulvus,80.250445,12.787002
Lutjanus fulvus,-158.111591,21.594435
Lutjanus fulvus,-157.695278,21.272222
Lutjanus fulvus,-158.065891,21.648453
Lutjanus fulvus,130.000833,28.366944
Lutjanus fulvus,130.0075,28.338611
Lutjanus fulvus,129.918889,28.296111
Lutjanus fulvus,123.8875,24.384167
Lutjanus fulvus,129.441667,28.290833
Lutjanus fulvus,130.959167,30.45
Lutjanus fulvus,129.917778,28.296111
Lutjanus fulvus,55.82176,-21.1469
Lutjanus fulvus,55.37652,-20.8948
Lutjanus fulvus,55.30145,-21.23971
Lutjanus fulvus,55.22368,-21.07384
Lutjanus fulvus,32.679624,-27.526275
Lutjanus fulvus,146.549578,-13.798003
Lutjanus fulvus,-156.667182,21.001767
Lutjanus fulvus,-155.862883,19.952714
Lutjanus fulvus,-156.639005,21.015029
Lutjanus fulvus,-155.864826,19.952894
Lutjanus fulvus,57.753297,-20.140625
Lutjanus fulvus,55.76863,-21.10393
Lutjanus fulvus,55.27931,-21.17037
Lutjanus fulvus,55.22677,-21.02182
Lutjanus fulvus,55.31402,-20.92319
Lutjanus fulvus,55.42345,-21.32984
Lutjanus fulvus,55.23405,-21.015
Lutjanus fulvus,55.80428,-21.12857
Lutjanus fulvus,55.2375,-21.01782
Lutjanus fulvus,55.32625,-21.26822
Lutjanus fulvus,55.21977,-21.05721
Lutjanus fulvus,55.33175,-21.26861
Lutjanus fulvus,55.28503,-21.1654
Lutjanus fulvus,55.29266,-21.2331
Lutjanus fulvus,168.262418,-17.696502
Lutjanus fulvus,-149.914535,-17.489914
Lutjanus fulvus,-154.819502,19.48786
Lutjanus fulvus,-157.694994,21.270516
Lutjanus fulvus,177.320684,-18.11077
Lutjanus fulvus,-155.066422,19.729295
Lutjanus fulvus,93.137884,12.104368
Lutjanus fulvus,84.9035,19.2527
Lutjanus fulvus,171.373261,7.102881
Lutjanus fulvus,123.307,9.30627
Lutjanus fulvus,-153.943,-16.7832
Lutjanus fulvus,-178.15,-14.3129
Lutjanus fulvus,-157.806,21.4372
Lutjanus fulvus,-157.796,21.444
Lutjanus fulvus,121.943,10.7426
Lutjanus fulvus,-149.769,-17.5563
Lutjanus fulvus,-149.87,-17.4833
Lutjanus fulvus,-157.696667,21.269196
Lutjanus fulvus,-156.43787,20.613301
Lutjanus fulvus,55.75066,-4.320552
Lutjanus fulvus,-156.495723,20.631379
Lutjanus fulvus,93.01786,11.980075
Lutjanus fulvus,153.577632,-28.196238
Lutjanus fulvus,139.827889,34.927361
Lutjanus fulvus,140.357806,35.183472
Lutjanus fulvus,-158.067167,21.649564
Lutjanus fulvus,167.005839,11.364611
Lutjanus fulvus,120.085841,23.189639
Lutjanus fulvus,74.32722,14.016927
Lutjanus fulvus,133.75607,33.529973
Lutjanus fulvus,167.01167,-22.31889
Lutjanus fulvus,-158.06633,21.645744
Lutjanus fulvus,-158.11257,21.594292
Lutjanus fulvus,151.897371,7.311062
Lutjanus fulvus,130.4558,-0.510767
Lutjanus fulvus,119.63378,-8.5583
Lutjanus fulvus,124.781184,1.608989
Lutjanus fulvus,119.550148,-8.473645
Lutjanus fulvus,-149.844069,-17.484189
Lutjanus fulvus,120.154833,22.987667
Lutjanus fulvus,167.234928,-15.523927
Lutjanus fulvus,153.549565,-28.169845
Lutjanus fulvus,167.235035,-15.523529
Lutjanus fulvus,-158.111921,21.594926
Lutjanus fulvus,167.200275,-15.506433
Lutjanus fulvus,125.837323,-8.483144
Lutjanus fulvus,-158.111041,21.594891
Lutjanus fulvus,121.296896,22.954618
Lutjanus fulvus,-158.070579,21.656517
Lutjanus fulvus,177.358035,-16.935881
Lutjanus fulvus,121.25,23.1
Lutjanus fulvus,121.22,23.05
Lutjanus fulvus,-153.94264,-16.78317
Lutjanus fulvus,128.183,-3.68757
Lutjanus fulvus,-135.04675,-23.145658
Lutjanus fulvus,-135.04427,-23.147144
Lutjanus fulvus,-157.79643,21.44402
Lutjanus fulvus,-178.14992,-14.31292
Lutjanus fulvus,-157.80585,21.43723
Lutjanus fulvus,163.037508,5.311156
Lutjanus fulvus,162.954952,5.266578
Lutjanus fulvus,171.345108,7.083322
Lutjanus fulvus,171.317796,7.120366
Lutjanus fulvus,162.989691,5.258907
Lutjanus fulvus,162.962626,5.278058
Lutjanus fulvus,163.0236,5.35628
Lutjanus fulvus,158.249571,7.044737
Lutjanus fulvus,163.028941,5.285044
Lutjanus fulvus,171.221553,7.053618
Lutjanus fulvus,162.948361,5.361431
Lutjanus fulvus,158.296877,7.009661
Lutjanus fulvus,158.140836,6.960269
Lutjanus fulvus,138.200087,9.569032
Lutjanus fulvus,162.946761,5.34348
Lutjanus fulvus,138.096489,9.565751
Lutjanus fulvus,162.902359,5.289466
Lutjanus fulvus,138.055546,9.477104
Lutjanus fulvus,162.900703,5.312297
Lutjanus fulvus,162.9846,5.37288
Lutjanus fulvus,162.946989,5.3564
Lutjanus fulvus,152.012322,7.238475
Lutjanus fulvus,158.110279,6.8625
Lutjanus fulvus,162.968423,5.361263
Lutjanus fulvus,158.129008,6.978283
Lutjanus fulvus,138.107153,9.58538
Lutjanus fulvus,162.897989,5.29615
Lutjanus fulvus,158.34504,6.87253
Lutjanus fulvus,171.129485,7.089031
Lutjanus fulvus,171.034125,7.138294
Lutjanus fulvus,138.080162,9.4444
Lutjanus fulvus,138.145826,9.509182
Lutjanus fulvus,138.156364,9.494921
Lutjanus fulvus,163.028379,5.342581
Lutjanus fulvus,138.082891,9.545446
Lutjanus fulvus,171.13223,7.094124
Lutjanus fulvus,158.225891,7.009495
Lutjanus fulvus,171.047418,7.205803
Lutjanus fulvus,171.157077,7.169568
Lutjanus fulvus,138.17987,9.518258
Lutjanus fulvus,158.192494,6.779457
Lutjanus fulvus,138.139747,9.641834
Lutjanus fulvus,138.127746,9.529586
Lutjanus fulvus,138.069116,9.520552
Lutjanus fulvus,73.777356,15.349795
Lutjanus fulvus,-157.694788,21.272455
Lutjanus fulvus,96.866204,-12.200692
Lutjanus fulvus,130.040278,0.169167
Lutjanus fulvus,134.28435,7.127249
Lutjanus fulvus,-162.045,5.8704
Lutjanus fulvus,-162.1123,5.8716
Lutjanus fulvus,-162.10997,5.8664
Lutjanus fulvus,-170.60717,-14.27779
Lutjanus fulvus,-170.75025,-14.36024
Lutjanus fulvus,-170.66938,-14.27841
Lutjanus fulvus,-170.60611,-14.25629
Lutjanus fulvus,-168.17123,-14.53776
Lutjanus fulvus,-168.160583,-14.559317
Lutjanus fulvus,-169.62435,-14.16373
Lutjanus fulvus,-176.62277,0.81095
Lutjanus fulvus,-176.623989,0.81492
Lutjanus fulvus,166.59378,19.30782
Lutjanus fulvus,145.74465,15.09862
Lutjanus fulvus,144.89278,13.6326
Lutjanus fulvus,145.720267,16.363417
Lutjanus fulvus,145.78795,18.16832
Lutjanus fulvus,145.74172,18.0607
Lutjanus fulvus,145.63982,18.79245
Lutjanus fulvus,144.89927,20.538
Lutjanus fulvus,145.6941,18.74818
Lutjanus fulvus,166.65115,19.27116
Lutjanus fulvus,166.59816,19.29774
Lutjanus fulvus,166.59824,19.31654
Lutjanus fulvus,-176.47988,0.1883
Lutjanus fulvus,-162.06872,5.86967
Lutjanus fulvus,144.70282,13.24158
Lutjanus fulvus,-162.38872,6.3948
Lutjanus fulvus,-162.03178,5.86379
Lutjanus fulvus,-162.1269,5.86397
Lutjanus fulvus,145.41177,19.67803
Lutjanus fulvus,145.4174,19.69977
Lutjanus fulvus,166.62753,19.28015
Lutjanus fulvus,-159.63945,21.917533
Lutjanus fulvus,-160.1802,21.927683
Lutjanus fulvus,-159.548633,22.244967
Lutjanus fulvus,-159.3795,22.2173
Lutjanus fulvus,-160.124833,21.990383
Lutjanus fulvus,-160.057617,22
Lutjanus fulvus,-159.3041,22.182017
Lutjanus fulvus,-160.079,22.0068
Lutjanus fulvus,-159.460633,21.86915
Lutjanus fulvus,-159.5646,22.2265
Lutjanus fulvus,-159.631683,22.1926
Lutjanus fulvus,-159.685533,21.951583
Lutjanus fulvus,-155.9798,20.7623
Lutjanus fulvus,-155.465917,20.1031
Lutjanus fulvus,-154.989483,19.339767
Lutjanus fulvus,-155.127383,19.273683
Lutjanus fulvus,-155.277017,20.019133
Lutjanus fulvus,-155.0896,19.808717
Lutjanus fulvus,-154.945733,19.373433
Lutjanus fulvus,-155.084,19.2996
Lutjanus fulvus,-157.225517,21.082183
Lutjanus fulvus,-155.292333,19.261833
Lutjanus fulvus,-155.676217,20.176517
Lutjanus fulvus,-156.932433,21.16975
Lutjanus fulvus,-155.3661,20.0582
Lutjanus fulvus,-156.8784,21.1699
Lutjanus fulvus,-155.703383,20.192383
Lutjanus fulvus,-156.548317,21.002283
Lutjanus fulvus,-156.914117,21.172117
Lutjanus fulvus,-156.8758,20.7412
Lutjanus fulvus,-156.809517,20.793117
Lutjanus fulvus,-156.858267,20.8899
Lutjanus fulvus,-162.412328,6.381146
Lutjanus fulvus,-162.1313,5.88253
Lutjanus fulvus,-162.1165,5.87373
Lutjanus fulvus,-171.07835,-11.046117
Lutjanus fulvus,-170.771233,-14.29015
Lutjanus fulvus,-170.72801,-14.28323
Lutjanus fulvus,-170.557533,-14.277267
Lutjanus fulvus,-155.9036,20.1915
Lutjanus fulvus,-155.0099,19.3326
Lutjanus fulvus,145.78577,18.10722
Lutjanus fulvus,-155.4463,20.0951
Lutjanus fulvus,-154.8806,19.424
Lutjanus fulvus,-155.4652,19.1432
Lutjanus fulvus,-160.2109,21.9069
Lutjanus fulvus,-156.5269,20.9869
Lutjanus fulvus,-156.1417,20.62
Lutjanus fulvus,-170.75945,-14.28988
Lutjanus fulvus,-170.69288,-14.31137
Lutjanus fulvus,-170.78057,-14.29173
Lutjanus fulvus,-168.15448,-14.55198
Lutjanus fulvus,-176.48273,0.1882
Lutjanus fulvus,166.60383,19.31013
Lutjanus fulvus,166.64288,19.31576
Lutjanus fulvus,-170.62355,-14.25184
Lutjanus fulvus,166.59486,19.30284
Lutjanus fulvus,145.28577,14.17567
Lutjanus fulvus,144.89055,20.5532
Lutjanus fulvus,145.7649,18.09665
Lutjanus fulvus,-156.4988,20.6336
Lutjanus fulvus,-156.4966,20.6303
Lutjanus fulvus,-176.6215,0.8042
Lutjanus fulvus,-156.9897,20.7751
Lutjanus fulvus,-160.0624,21.952
Lutjanus fulvus,-160.1224,21.8753
Lutjanus fulvus,-176.46875,0.20367
Lutjanus fulvus,-160.0939,22.0216
Lutjanus fulvus,-155.8947,20.2401
Lutjanus fulvus,-160.2503,21.813
Lutjanus fulvus,-155.0868,19.8639
Lutjanus fulvus,166.60743,19.29172
Lutjanus fulvus,-155.5525,19.0755
Lutjanus fulvus,40.38854,-22.40543
Lutjanus fulvus,40.29474,-22.3126
Lutjanus fulvus,47.33786,-11.52437
Lutjanus fulvus,47.24623,-11.52509
Lutjanus fulvus,40.39151,-22.31538
Lutjanus fulvus,129.849167,29.838611
Lutjanus fulvus,128.643333,27.415833
Lutjanus fulvus,130.414444,30.397222
Lutjanus fulvus,129.7125,29.609722
Lutjanus fulvus,127.040556,26.5525
Lutjanus fulvus,73.779786,15.350254
Lutjanus fulvus,139.618446,35.154632
Lutjanus fulvus,139.60853,35.222132
Lutjanus fulvus,151.891191,7.311709
Lutjanus fulvus,-158.184261,21.581585
Lutjanus fulvus,-156.2817,20.948
Lutjanus fulvus,-168.168467,-14.549417
Lutjanus fulvus,-156.0355,20.8074
Lutjanus fulvus,-155.2494,19.999
Lutjanus fulvus,-158.1273,21.3118
Lutjanus fulvus,-156.343,20.5801
Lutjanus fulvus,-155.8826,19.0383
Lutjanus fulvus,-155.6182,18.965417
Lutjanus fulvus,-160.1016,22.0213
Lutjanus fulvus,166.61303,19.28765
Lutjanus fulvus,-156.1782,20.6235
Lutjanus fulvus,-171.08653,-11.06432
Lutjanus fulvus,-156.2797,20.5926
Lutjanus fulvus,145.1504,14.15838
Lutjanus fulvus,166.61186,19.3254
Lutjanus fulvus,166.65736,19.28729
Lutjanus fulvus,145.60302,14.99072
Lutjanus fulvus,-176.485,0.1989
Lutjanus fulvus,-156.9213,20.7337
Lutjanus fulvus,145.81442,15.25888
Lutjanus fulvus,-159.794,22.0165
Lutjanus fulvus,-157.2156,21.0805
Lutjanus fulvus,-154.8508,19.5475
Lutjanus fulvus,-156.151317,20.863133
Lutjanus fulvus,-171.07655,-11.04588
Lutjanus fulvus,-155.9039,20.212
Lutjanus fulvus,-170.65259,-14.25372
Lutjanus fulvus,-169.60803,-14.16869
Lutjanus fulvus,-169.41792,-14.22728
Lutjanus fulvus,-176.62038,0.79877
Lutjanus fulvus,-166.326973,23.846884
Lutjanus fulvus,145.69017,15.1566
Lutjanus fulvus,144.65307,13.30528
Lutjanus fulvus,130.727524,-0.495966
Lutjanus fulvus,-157.693164,21.268833
Lutjanus fulvus,157.952075,-8.429681
Lutjanus fulvus,123.77307,24.420785
Lutjanus fulvus,134.239543,7.026253
Lutjanus fulvus,166.642453,19.274244
Lutjanus fulvus,166.647773,19.314324
Lutjanus fulvus,166.654682,19.268361
Lutjanus fulvus,166.647879,19.271696
Lutjanus fulvus,166.630739,19.27955
Lutjanus fulvus,166.657759,19.275592
Lutjanus fulvus,166.594562,19.304261
Lutjanus fulvus,166.610493,19.325587
Lutjanus fulvus,166.633119,19.315434
Lutjanus fulvus,166.616956,19.284406
Lutjanus fulvus,166.651696,19.270823
Lutjanus fulvus,166.610416,19.325733
Lutjanus fulvus,166.613878,19.325391
Lutjanus fulvus,166.641172,19.274845
Lutjanus fulvus,166.610801,19.289615
Lutjanus fulvus,166.607859,19.291914
Lutjanus fulvus,166.594615,19.304855
Lutjanus fulvus,166.602251,19.320483
Lutjanus fulvus,166.642813,19.274494
Lutjanus fulvus,166.599988,19.317625
Lutjanus fulvus,166.641507,19.316105
Lutjanus fulvus,166.593707,19.307064
Lutjanus fulvus,166.650524,19.270443
Lutjanus fulvus,166.631536,19.315347
Lutjanus fulvus,166.65619,19.280821
Lutjanus fulvus,166.625858,19.280927
Lutjanus fulvus,166.598044,19.297181
Lutjanus fulvus,166.653045,19.296869
Lutjanus fulvus,166.633048,19.315537
Lutjanus fulvus,166.606074,19.293413
Lutjanus fulvus,-170.668607,-14.239546
Lutjanus fulvus,-170.670217,-14.231475
Lutjanus fulvus,-170.669463,-14.247825
Lutjanus fulvus,-170.671256,-14.245458
Lutjanus fulvus,-170.667037,-14.246582
Lutjanus fulvus,-170.674111,-14.28508
Lutjanus fulvus,-170.669779,-14.24345
Lutjanus fulvus,-170.667999,-14.246523
Lutjanus fulvus,-170.670817,-14.245223
Lutjanus fulvus,-170.669013,-14.240299
Lutjanus fulvus,-170.677222,-14.288247
Lutjanus fulvus,-170.670333,-14.247793
Lutjanus fulvus,-170.67781,-14.288324
Lutjanus fulvus,-170.591254,-14.254394
Lutjanus fulvus,-170.751632,-14.292419
Lutjanus fulvus,-170.594166,-14.256097
Lutjanus fulvus,-170.62416,-14.25184
Lutjanus fulvus,-170.69731,-14.32108
Lutjanus fulvus,-170.67088,-14.24515
Lutjanus fulvus,-170.67082,-14.22971
Lutjanus fulvus,-170.61609,-14.2736
Lutjanus fulvus,-170.68098,-14.30094
Lutjanus fulvus,-170.578458,-14.277499
Lutjanus fulvus,-170.59865,-14.28333
Lutjanus fulvus,-170.677034,-14.288204
Lutjanus fulvus,-170.594684,-14.28175
Lutjanus fulvus,-170.81322,-14.33291
Lutjanus fulvus,-170.822008,-14.299278
Lutjanus fulvus,-170.761483,-14.364264
Lutjanus fulvus,-170.79231,-14.29002
Lutjanus fulvus,-170.724328,-14.281151
Lutjanus fulvus,-170.574643,-14.245492
Lutjanus fulvus,-170.689788,-14.252886
Lutjanus fulvus,-170.713533,-14.262618
Lutjanus fulvus,-170.677077,-14.240668
Lutjanus fulvus,-170.680555,-14.242896
Lutjanus fulvus,-170.76815,-14.36449
Lutjanus fulvus,-170.761593,-14.364081
Lutjanus fulvus,-170.761946,-14.365855
Lutjanus fulvus,-170.807115,-14.334949
Lutjanus fulvus,-170.785644,-14.360138
Lutjanus fulvus,-170.811621,-14.329029
Lutjanus fulvus,-170.83447,-14.32669
Lutjanus fulvus,-170.627979,-14.255901
Lutjanus fulvus,-170.61032,-14.25453
Lutjanus fulvus,-170.810986,-14.330231
Lutjanus fulvus,-170.811291,-14.327869
Lutjanus fulvus,-170.799293,-14.288351
Lutjanus fulvus,-170.624942,-14.247641
Lutjanus fulvus,-170.802787,-14.291881
Lutjanus fulvus,-170.59214,-14.255717
Lutjanus fulvus,-170.742567,-14.288876
Lutjanus fulvus,-170.837773,-14.317524
Lutjanus fulvus,-170.729305,-14.281974
Lutjanus fulvus,-170.789957,-14.289231
Lutjanus fulvus,-170.706494,-14.260585
Lutjanus fulvus,-170.69319,-14.31296
Lutjanus fulvus,-170.83542,-14.3265
Lutjanus fulvus,-170.696121,-14.320272
Lutjanus fulvus,-170.762581,-14.370568
Lutjanus fulvus,-170.781744,-14.359697
Lutjanus fulvus,166.643013,19.273996
Lutjanus fulvus,166.595482,19.314586
Lutjanus fulvus,-170.790995,-14.289394
Lutjanus fulvus,-170.576037,-14.276322
Lutjanus fulvus,166.650663,19.304288
Lutjanus fulvus,166.615941,19.284289
Lutjanus fulvus,-170.668693,-14.245959
Lutjanus fulvus,-170.762174,-14.368937
Lutjanus fulvus,166.651112,19.270076
Lutjanus fulvus,166.651574,19.269836
Lutjanus fulvus,166.612566,19.28716
Lutjanus fulvus,166.649086,19.313777
Lutjanus fulvus,166.656998,19.284117
Lutjanus fulvus,166.597685,19.298735
Lutjanus fulvus,-170.783741,-14.359366
Lutjanus fulvus,145.593729,15.040227
Lutjanus fulvus,145.586434,15.012196
Lutjanus fulvus,-170.678683,-14.302008
Lutjanus fulvus,-170.835629,-14.32679
Lutjanus fulvus,-170.736828,-14.280145
Lutjanus fulvus,-170.756607,-14.288679
Lutjanus fulvus,-170.812136,-14.295922
Lutjanus fulvus,-170.744697,-14.28928
Lutjanus fulvus,-170.627457,-14.248107
Lutjanus fulvus,-170.70587,-14.261088
Lutjanus fulvus,-171.08662,-11.064044
Lutjanus fulvus,-171.087456,-11.062933
Lutjanus fulvus,-171.091663,-11.055148
Lutjanus fulvus,-171.085617,-11.064801
Lutjanus fulvus,-170.823693,-14.301102
Lutjanus fulvus,-170.794952,-14.335073
Lutjanus fulvus,-170.724366,-14.28075
Lutjanus fulvus,-170.642726,-14.251465
Lutjanus fulvus,-170.76196,-14.286546
Lutjanus fulvus,-170.81331,-14.297871
Lutjanus fulvus,-170.621161,-14.280103
Lutjanus fulvus,-171.084007,-11.046731
Lutjanus fulvus,-171.084775,-11.0472
Lutjanus fulvus,-170.814758,-14.299021
Lutjanus fulvus,-170.768176,-14.364628
Lutjanus fulvus,-170.682077,-14.301878
Lutjanus fulvus,-170.628506,-14.283626
Lutjanus fulvus,-171.06853,-11.04749
Lutjanus fulvus,-170.67181,-14.323379
Lutjanus fulvus,-171.077877,-11.045674
Lutjanus fulvus,-170.703736,-14.258088
Lutjanus fulvus,145.759641,15.159693
Lutjanus fulvus,-170.83782,-14.317773
Lutjanus fulvus,166.637794,19.316283
Lutjanus fulvus,166.604523,19.29401
Lutjanus fulvus,-170.661756,-14.244734
Lutjanus fulvus,145.742846,15.097683
Lutjanus fulvus,145.812034,15.255004
Lutjanus fulvus,145.781924,15.186121
Lutjanus fulvus,166.657291,19.285678
Lutjanus fulvus,145.685273,15.154873
Lutjanus fulvus,166.603077,19.294482
Lutjanus fulvus,166.612948,19.286861
Lutjanus fulvus,166.640102,19.316138
Lutjanus fulvus,166.612773,19.287631
Lutjanus fulvus,166.604309,19.322123
Lutjanus fulvus,166.647119,19.272697
Lutjanus fulvus,166.601023,19.295035
Lutjanus fulvus,166.650709,19.303906
Lutjanus fulvus,166.621919,19.282455
Lutjanus fulvus,166.656529,19.28175
Lutjanus fulvus,166.653277,19.296993
Lutjanus fulvus,166.605669,19.323597
Lutjanus fulvus,166.63226,19.31525
Lutjanus fulvus,166.603504,19.321232
Lutjanus fulvus,145.686615,15.151969
Lutjanus fulvus,145.809076,15.244006
Lutjanus fulvus,166.593973,19.311712
Lutjanus fulvus,166.652591,19.309903
Lutjanus fulvus,-170.661941,-14.246177
Lutjanus fulvus,-170.672044,-14.246014
Lutjanus fulvus,-170.674201,-14.284714
Lutjanus fulvus,-170.675034,-14.29493
Lutjanus fulvus,166.598795,19.296916
Lutjanus fulvus,-170.674053,-14.248948
Lutjanus fulvus,-170.675273,-14.293154
Lutjanus fulvus,-168.165535,-14.553003
Lutjanus fulvus,-170.58725,-14.27946
Lutjanus fulvus,-168.163286,-14.542407
Lutjanus fulvus,-170.796185,-14.335722
Lutjanus fulvus,-170.80858,-14.33227
Lutjanus fulvus,-170.82018,-14.33254
Lutjanus fulvus,-170.615491,-14.274006
Lutjanus fulvus,-168.164693,-14.554188
Lutjanus fulvus,-170.80322,-14.33475
Lutjanus fulvus,-170.61172,-14.27276
Lutjanus fulvus,-170.55797,-14.25912
Lutjanus fulvus,-168.144363,-14.54137
Lutjanus fulvus,-168.152704,-14.557833
Lutjanus fulvus,-168.15573,-14.559335
Lutjanus fulvus,-168.162026,-14.54031
Lutjanus fulvus,-168.166546,-14.551789
Lutjanus fulvus,-168.16071,-14.55237
Lutjanus fulvus,-168.15828,-14.56028
Lutjanus fulvus,-168.149958,-14.54465
Lutjanus fulvus,-168.15146,-14.53817
Lutjanus fulvus,-168.14575,-14.54874
Lutjanus fulvus,-171.090208,-11.059884
Lutjanus fulvus,-171.068471,-11.061378
Lutjanus fulvus,-171.06389,-11.05444
Lutjanus fulvus,145.790697,16.702105
Lutjanus fulvus,-171.090077,-11.060292
Lutjanus fulvus,-171.071636,-11.063945
Lutjanus fulvus,145.793544,15.275694
Lutjanus fulvus,145.684809,15.133703
Lutjanus fulvus,145.770898,15.15326
Lutjanus fulvus,-168.142732,-14.543113
Lutjanus fulvus,-168.171505,-14.537936
Lutjanus fulvus,-162.116479,5.890405
Lutjanus fulvus,-162.04051,5.868946
Lutjanus fulvus,-162.114238,5.880944
Lutjanus fulvus,-168.16274,-14.556998
Lutjanus fulvus,-168.168035,-14.549575
Lutjanus fulvus,-168.154142,-14.528972
Lutjanus fulvus,-168.144896,-14.554329
Lutjanus fulvus,-168.14168,-14.544417
Lutjanus fulvus,-168.15845,-14.560503
Lutjanus fulvus,-162.129242,5.880153
Lutjanus fulvus,-162.155329,5.886258
Lutjanus fulvus,-162.137701,5.886582
Lutjanus fulvus,-168.16049,-14.55892
Lutjanus fulvus,-162.049989,5.889989
Lutjanus fulvus,-168.16624,-14.54504
Lutjanus fulvus,-162.119045,5.877209
Lutjanus fulvus,-162.117488,5.8854
Lutjanus fulvus,-162.11996,5.884256
Lutjanus fulvus,-162.126019,5.882977
Lutjanus fulvus,-162.142951,5.873158
Lutjanus fulvus,-162.16013,5.89155
Lutjanus fulvus,-162.027157,5.862591
Lutjanus fulvus,-162.119897,5.881869
Lutjanus fulvus,-162.057525,5.866721
Lutjanus fulvus,-162.131466,5.88333
Lutjanus fulvus,-162.131733,5.86838
Lutjanus fulvus,-162.09845,5.896167
Lutjanus fulvus,-162.118384,5.885723
Lutjanus fulvus,-162.122136,5.883777
Lutjanus fulvus,-162.118332,5.867219
Lutjanus fulvus,-162.075081,5.898475
Lutjanus fulvus,-162.115461,5.882416
Lutjanus fulvus,-162.127911,5.871459
Lutjanus fulvus,-162.035564,5.871919
Lutjanus fulvus,-162.13017,5.87848
Lutjanus fulvus,-162.11798,5.88262
Lutjanus fulvus,-162.1209,5.88741
Lutjanus fulvus,-162.07565,5.89728
Lutjanus fulvus,145.75562,18.10595
Lutjanus fulvus,145.806402,18.158203
Lutjanus fulvus,-162.025778,5.870798
Lutjanus fulvus,-162.052391,5.891557
Lutjanus fulvus,-162.079745,5.86988
Lutjanus fulvus,145.724149,18.047301
Lutjanus fulvus,-162.033153,5.863962
Lutjanus fulvus,-162.132035,5.888009
Lutjanus fulvus,-162.009663,5.865797
Lutjanus fulvus,-162.126314,5.875957
Lutjanus fulvus,-162.131652,5.873995
Lutjanus fulvus,-162.141126,5.89785
Lutjanus fulvus,145.761289,18.090721
Lutjanus fulvus,145.72277,18.082409
Lutjanus fulvus,145.753431,18.105931000000002
Lutjanus fulvus,145.70782,18.055754
Lutjanus fulvus,-162.080935,5.870006
Lutjanus fulvus,-162.11089,5.86915
Lutjanus fulvus,-162.14813,5.87432
Lutjanus fulvus,-162.11873,5.89104
Lutjanus fulvus,-162.01141,5.86472
Lutjanus fulvus,145.754685,18.143581
Lutjanus fulvus,145.755691,18.10584
Lutjanus fulvus,145.746436,18.071847000000002
Lutjanus fulvus,145.719327,18.045891
Lutjanus fulvus,145.807421,18.15456
Lutjanus fulvus,145.757255,18.104179
Lutjanus fulvus,145.806914,18.158926
Lutjanus fulvus,-169.608163,-14.171148
Lutjanus fulvus,-158.187528,21.43304
Lutjanus fulvus,-158.188188,21.423606
Lutjanus fulvus,-158.278362,21.572206
Lutjanus fulvus,-158.285644,21.576772
Lutjanus fulvus,-158.076754,21.637676
Lutjanus fulvus,-158.139885,21.341493
Lutjanus fulvus,-157.675507,21.3431
Lutjanus fulvus,-169.644072,-14.164482
Lutjanus fulvus,-169.65907,-14.16401
Lutjanus fulvus,-158.162124,21.583172
Lutjanus fulvus,-160.146803,21.95337
Lutjanus fulvus,-160.202064,21.909591
Lutjanus fulvus,-160.214714,21.78182
Lutjanus fulvus,-160.083847,21.889042
Lutjanus fulvus,-160.114668,21.878596
Lutjanus fulvus,-160.069358,21.95723
Lutjanus fulvus,-160.078995,21.916205
Lutjanus fulvus,-160.183392,21.92818
Lutjanus fulvus,-160.225977,21.89752
Lutjanus fulvus,-160.21526,21.781435
Lutjanus fulvus,-160.162351,21.950853
Lutjanus fulvus,-160.112336,21.98847
Lutjanus fulvus,-160.250107,21.805188
Lutjanus fulvus,-160.080699,22.009173
Lutjanus fulvus,-160.116852,21.982482
Lutjanus fulvus,-160.081929,21.927837
Lutjanus fulvus,-160.122299,21.983554
Lutjanus fulvus,-160.066355,21.932772
Lutjanus fulvus,-160.178729,21.956456
Lutjanus fulvus,-160.248497,21.836823
Lutjanus fulvus,-160.189643,21.950615
Lutjanus fulvus,-160.20821,21.903631
Lutjanus fulvus,-160.249202,21.814433
Lutjanus fulvus,-160.141404,21.964486
Lutjanus fulvus,-160.173117,21.953681
Lutjanus fulvus,-160.229057,21.887397
Lutjanus fulvus,-160.091794,22.015955
Lutjanus fulvus,-160.164205,21.944253
Lutjanus fulvus,-160.176658,21.928678
Lutjanus fulvus,-160.08094,22.009987
Lutjanus fulvus,-160.238927,21.884872
Lutjanus fulvus,-160.063237,22.001977
Lutjanus fulvus,-160.24774,21.843803
Lutjanus fulvus,-160.082636,22.002007
Lutjanus fulvus,-160.145123,21.959179
Lutjanus fulvus,-160.205382,21.934634
Lutjanus fulvus,-160.122382,21.989222
Lutjanus fulvus,-160.12283,21.875869
Lutjanus fulvus,-160.067859,21.93104
Lutjanus fulvus,-160.247143,21.833288
Lutjanus fulvus,-160.124296,21.999264
Lutjanus fulvus,-160.162999,21.857016
Lutjanus fulvus,-160.108982,21.877498
Lutjanus fulvus,-160.214405,21.919574
Lutjanus fulvus,-160.194558,21.949722
Lutjanus fulvus,-160.116829,21.97528
Lutjanus fulvus,-160.173163,21.839746
Lutjanus fulvus,-160.163002,21.85719
Lutjanus fulvus,-157.311828,21.105308
Lutjanus fulvus,-157.122008,21.0893
Lutjanus fulvus,-156.926597,21.047628
Lutjanus fulvus,-156.935657,21.170687
Lutjanus fulvus,-156.840919,21.168598
Lutjanus fulvus,-156.86231,21.168022
Lutjanus fulvus,-156.788845,21.176199
Lutjanus fulvus,-156.729256,21.11935
Lutjanus fulvus,-156.859405,21.037199
Lutjanus fulvus,-156.893253,21.167498
Lutjanus fulvus,-156.774609,21.17497
Lutjanus fulvus,-156.712009,21.161807
Lutjanus fulvus,-156.93772,21.173522
Lutjanus fulvus,-156.706346,21.161218
Lutjanus fulvus,-156.723268,21.161695
Lutjanus fulvus,-156.897251,21.165368
Lutjanus fulvus,-157.234858,21.082637
Lutjanus fulvus,-157.701202,21.360644
Lutjanus fulvus,166.624112,19.281371
Lutjanus fulvus,166.656001,19.276836
Lutjanus fulvus,-156.875983,21.167987
Lutjanus fulvus,-157.082317,21.087038
Lutjanus fulvus,-156.913246,21.171048
Lutjanus fulvus,-156.82448,21.170263
Lutjanus fulvus,-156.787037,21.174859
Lutjanus fulvus,-156.912978,21.170015
Lutjanus fulvus,-156.764425,21.176571
Lutjanus fulvus,-156.951744,21.058406
Lutjanus fulvus,-156.740678,21.176712
Lutjanus fulvus,-156.907303,21.168581
Lutjanus fulvus,-156.735214,21.169661
Lutjanus fulvus,-156.809222,21.174838
Lutjanus fulvus,-156.820948,21.175995
Lutjanus fulvus,-156.844929,21.169544
Lutjanus fulvus,-156.783501,21.177014
Lutjanus fulvus,-156.810993,21.17751
Lutjanus fulvus,-156.845145,21.171899
Lutjanus fulvus,-156.734432,21.173618
Lutjanus fulvus,-156.947342,21.057015
Lutjanus fulvus,-156.928631,21.046675
Lutjanus fulvus,-156.945537,21.180178
Lutjanus fulvus,-157.090705,21.194882
Lutjanus fulvus,-156.801979,21.180484
Lutjanus fulvus,-157.035815,21.190025
Lutjanus fulvus,-157.105355,21.196658
Lutjanus fulvus,-157.134235,21.199346
Lutjanus fulvus,-157.684277,21.342877
Lutjanus fulvus,166.598412,19.316338
Lutjanus fulvus,166.615487,19.285906
Lutjanus fulvus,-156.772991,21.078239
Lutjanus fulvus,-157.193485,21.211608
Lutjanus fulvus,-160.202412,21.935677
Lutjanus fulvus,-160.149981,21.868972
Lutjanus fulvus,-157.013833,21.186991
Lutjanus fulvus,-156.613903,20.801437
Lutjanus fulvus,-156.456244,20.905259
Lutjanus fulvus,-169.51308,-14.21738
Lutjanus fulvus,-169.46818,-14.2147
Lutjanus fulvus,145.230014,20.023049
Lutjanus fulvus,145.225027,20.030493
Lutjanus fulvus,145.263444,14.153366
Lutjanus fulvus,145.130736,14.121453
Lutjanus fulvus,-162.118467,5.871483
Lutjanus fulvus,145.759148,18.132727
Lutjanus fulvus,145.753515,18.082423
Lutjanus fulvus,-156.231943,20.92914
Lutjanus fulvus,-156.121254,20.845052
Lutjanus fulvus,-156.063135,20.814886
Lutjanus fulvus,-156.178622,20.880767
Lutjanus fulvus,-156.123946,20.855337
Lutjanus fulvus,-156.63015,20.818962
Lutjanus fulvus,-156.60307,21.032919
Lutjanus fulvus,-156.563809,21.016388
Lutjanus fulvus,-156.127737,20.855966
Lutjanus fulvus,-156.669625,20.992397
Lutjanus fulvus,-156.585951,21.024234
Lutjanus fulvus,-156.178231,20.623966
Lutjanus fulvus,-156.282806,20.590436
Lutjanus fulvus,-156.015987,20.798501
Lutjanus fulvus,-156.022355,20.803517
Lutjanus fulvus,-156.183637,20.88338
Lutjanus fulvus,-155.996014,20.702193
Lutjanus fulvus,-156.056494,20.812591
Lutjanus fulvus,-156.074853,20.824815
Lutjanus fulvus,-156.091141,20.641866
Lutjanus fulvus,-156.224995,20.914341
Lutjanus fulvus,-156.104891,20.826844
Lutjanus fulvus,-156.445006,20.666778
Lutjanus fulvus,-156.114517,20.831529
Lutjanus fulvus,-156.123186,20.842354
Lutjanus fulvus,-156.060901,20.813886
Lutjanus fulvus,-156.217709,20.915689
Lutjanus fulvus,-156.15927,20.865632
Lutjanus fulvus,-156.460433,20.742677
Lutjanus fulvus,-156.568886,20.787795
Lutjanus fulvus,-156.87286,20.901026
Lutjanus fulvus,-156.828959,20.861225
Lutjanus fulvus,-156.937233,20.736006
Lutjanus fulvus,-156.803799,20.80496
Lutjanus fulvus,-156.846831,20.881095
Lutjanus fulvus,-156.988584,20.817302
Lutjanus fulvus,-156.897838,20.915982
Lutjanus fulvus,-156.845238,20.756986
Lutjanus fulvus,-156.815799,20.788053
Lutjanus fulvus,-156.892778,20.730682
Lutjanus fulvus,-156.85221,20.888441
Lutjanus fulvus,-156.844643,20.881127
Lutjanus fulvus,-156.814874,20.843481
Lutjanus fulvus,-156.83883,20.75811
Lutjanus fulvus,-156.971825,20.742341
Lutjanus fulvus,-156.991901,20.79564
Lutjanus fulvus,-156.818085,20.78301
Lutjanus fulvus,-156.893563,20.915868
Lutjanus fulvus,-156.985884,20.75802
Lutjanus fulvus,-156.801717,20.825832
Lutjanus fulvus,-156.988236,20.81712
Lutjanus fulvus,-156.993631,20.829877
Lutjanus fulvus,-156.807395,20.800488
Lutjanus fulvus,-156.830911,20.866629
Lutjanus fulvus,-157.058935,20.881396
Lutjanus fulvus,-156.8784,20.741219
Lutjanus fulvus,-156.996938,20.834578
Lutjanus fulvus,-156.93724,20.734585
Lutjanus fulvus,-156.878743,20.909039
Lutjanus fulvus,-156.835444,20.872461
Lutjanus fulvus,-156.87051,20.902003
Lutjanus fulvus,-156.8867,20.73418
Lutjanus fulvus,-156.818187,20.785231
Lutjanus fulvus,-156.803289,20.828278
Lutjanus fulvus,-156.801379,20.822824
Lutjanus fulvus,-156.80943,20.838091
Lutjanus fulvus,-156.91044,20.735535
Lutjanus fulvus,-156.810827,20.839704
Lutjanus fulvus,-157.012261,20.852808
Lutjanus fulvus,-157.048744,20.868838
Lutjanus fulvus,-157.038415,20.865849
Lutjanus fulvus,-157.042395,20.865344
Lutjanus fulvus,-156.859008,20.892743
Lutjanus fulvus,-162.441247,6.385093
Lutjanus fulvus,-162.42911,6.431437
Lutjanus fulvus,-159.705501,22.161614
Lutjanus fulvus,-159.700537,22.168389
Lutjanus fulvus,-159.490995,21.881043
Lutjanus fulvus,-159.327772,21.962283
Lutjanus fulvus,-159.726312,22.151533
Lutjanus fulvus,-159.352656,21.936014
Lutjanus fulvus,-159.63563,22.188494
Lutjanus fulvus,-159.783925,22.06682
Lutjanus fulvus,-159.294584,22.108023
Lutjanus fulvus,-159.593523,22.218748
Lutjanus fulvus,-159.351208,21.935684
Lutjanus fulvus,-159.760272,22.103358
Lutjanus fulvus,-159.76927,22.07714
Lutjanus fulvus,-159.328262,21.963943
Lutjanus fulvus,-159.328254,22.033897
Lutjanus fulvus,-159.626882,21.908902
Lutjanus fulvus,-159.705322,21.956726
Lutjanus fulvus,-159.66687,21.940138
Lutjanus fulvus,-159.334604,21.995903
Lutjanus fulvus,-159.463842,21.873611
Lutjanus fulvus,-159.325195,21.999358
Lutjanus fulvus,-159.678225,21.951216
Lutjanus fulvus,-159.328154,21.991416
Lutjanus fulvus,-159.519185,21.886066
Lutjanus fulvus,-159.537304,21.885987
Lutjanus fulvus,-159.325398,21.965359
Lutjanus fulvus,-159.282125,22.143671
Lutjanus fulvus,-159.791955,22.046528
Lutjanus fulvus,-156.609936,20.590042
Lutjanus fulvus,-159.531198,21.88187
Lutjanus fulvus,-156.604139,20.51488
Lutjanus fulvus,-156.709942,20.52629
Lutjanus fulvus,-159.459016,21.87023
Lutjanus fulvus,-156.66655,20.558879
Lutjanus fulvus,-159.483045,21.877874
Lutjanus fulvus,-159.669109,21.930937
Lutjanus fulvus,-159.284742,22.136012
Lutjanus fulvus,-156.689214,20.513914
Lutjanus fulvus,-156.649569,20.563207
Lutjanus fulvus,-156.621091,20.51379
Lutjanus fulvus,-156.545882,20.510727
Lutjanus fulvus,-156.591954,20.59929
Lutjanus fulvus,-156.548185,20.589301
Lutjanus fulvus,-156.577038,20.607648
Lutjanus fulvus,-156.64689,20.515095
Lutjanus fulvus,-156.693574,20.543843
Lutjanus fulvus,-156.619652,20.582429
Lutjanus fulvus,-156.61668,20.514606
Lutjanus fulvus,-156.69706,20.539857
Lutjanus fulvus,-156.580273,20.606451
Lutjanus fulvus,-156.69807,20.521513
Lutjanus fulvus,-156.64248,20.567682
Lutjanus fulvus,-156.649267,20.564037
Lutjanus fulvus,-156.538552,20.521888
Lutjanus fulvus,-156.605517,20.592478
Lutjanus fulvus,-156.646965,20.51524
Lutjanus fulvus,-156.680944,20.551837
Lutjanus fulvus,-156.668186,20.502835
Lutjanus fulvus,-156.574327,20.605617
Lutjanus fulvus,-156.576497,20.51067
Lutjanus fulvus,-156.614389,20.585596
Lutjanus fulvus,-156.681388,20.549366
Lutjanus fulvus,-156.547118,20.556635
Lutjanus fulvus,-156.67726,20.501329
Lutjanus fulvus,-176.62336,0.812959
Lutjanus fulvus,-176.621107,0.802199
Lutjanus fulvus,-176.621381,0.805851
Lutjanus fulvus,-176.616208,0.7901
Lutjanus fulvus,-176.621604,0.807125
Lutjanus fulvus,-176.609871,0.801871
Lutjanus fulvus,-176.611523,0.81176
Lutjanus fulvus,-176.621887,0.808301
Lutjanus fulvus,-176.621236,0.805421
Lutjanus fulvus,-176.623711,0.813912
Lutjanus fulvus,-176.624349,0.815683
Lutjanus fulvus,-176.62407,0.81498
Lutjanus fulvus,-176.616434,0.790338
Lutjanus fulvus,-176.62241,0.81008
Lutjanus fulvus,-176.62128,0.80582
Lutjanus fulvus,-176.62303,0.81251
Lutjanus fulvus,-155.89272,19.929906
Lutjanus fulvus,-176.61009,0.80846
Lutjanus fulvus,-154.946403,19.373399
Lutjanus fulvus,-155.556666,19.039118
Lutjanus fulvus,-155.087763,19.773162
Lutjanus fulvus,-155.025533,19.745574
Lutjanus fulvus,-155.08038,19.832534
Lutjanus fulvus,-155.711753,20.196132
Lutjanus fulvus,-155.836791,20.037863
Lutjanus fulvus,-155.088489,19.755143
Lutjanus fulvus,-155.046802,19.744188
Lutjanus fulvus,-154.857402,19.441462
Lutjanus fulvus,-155.066344,19.744386
Lutjanus fulvus,-155.842188,20.270299
Lutjanus fulvus,-155.709134,20.20014
Lutjanus fulvus,-155.100709,19.870785
Lutjanus fulvus,-155.081361,19.853316
Lutjanus fulvus,-154.988682,19.714348
Lutjanus fulvus,-155.824696,20.261686
Lutjanus fulvus,-155.709134,20.197495
Lutjanus fulvus,-154.98124,19.647725
Lutjanus fulvus,-155.797029,20.249344
Lutjanus fulvus,-155.792461,20.250595
Lutjanus fulvus,-155.803844,20.257494
Lutjanus fulvus,-155.072139,19.749405
Lutjanus fulvus,-155.084186,19.803587
Lutjanus fulvus,-154.808004,19.506029
Lutjanus fulvus,-154.865927,19.549881
Lutjanus fulvus,-155.910872,19.401905
Lutjanus fulvus,-155.907238,19.893961
Lutjanus fulvus,-155.950878,19.498528
Lutjanus fulvus,-155.730055,20.217855
Lutjanus fulvus,-155.648421,20.165665
Lutjanus fulvus,-155.894947,19.365212
Lutjanus fulvus,-155.318917,20.034048
Lutjanus fulvus,-155.20143,19.968566
Lutjanus fulvus,-155.777357,20.246613
Lutjanus fulvus,-155.677939,20.181251
Lutjanus fulvus,-155.393637,20.068805
Lutjanus fulvus,-155.372349,20.059754
Lutjanus fulvus,-155.222333,19.982259
Lutjanus fulvus,-155.344223,20.047385
Lutjanus fulvus,-155.738199,20.22848
Lutjanus fulvus,-155.693117,20.185372
Lutjanus fulvus,-155.226814,19.984934
Lutjanus fulvus,-155.349221,20.049694
Lutjanus fulvus,-155.830251,19.983558
Lutjanus fulvus,-155.269487,20.014558
Lutjanus fulvus,-155.399111,20.075375
Lutjanus fulvus,-155.962008,19.853365
Lutjanus fulvus,-155.902417,19.227075
Lutjanus fulvus,-155.880085,20.096813
Lutjanus fulvus,-154.822906,19.473039
Lutjanus fulvus,-154.867703,19.550943
Lutjanus fulvus,-155.867067,20.079857
Lutjanus fulvus,-154.846345,19.450839
Lutjanus fulvus,-154.883551,19.558805
Lutjanus fulvus,-155.98486,19.840725
Lutjanus fulvus,-155.118784,19.886182
Lutjanus fulvus,-155.350877,20.051146
Lutjanus fulvus,-155.105778,19.876783
Lutjanus fulvus,-155.912427,19.176394
Lutjanus fulvus,-155.175665,19.947887
Lutjanus fulvus,-154.955441,19.366017
Lutjanus fulvus,-155.562618,20.128452
Lutjanus fulvus,-155.408681,20.078584
Lutjanus fulvus,-155.365833,20.059132
Lutjanus fulvus,-155.10798,19.87712
Lutjanus fulvus,-155.208315,19.974095
Lutjanus fulvus,-155.155435,19.932981
Lutjanus fulvus,-155.319422,20.034348
Lutjanus fulvus,-155.18553,19.955028
Lutjanus fulvus,-155.140342,19.919755
Lutjanus fulvus,-155.331339,20.040718
Lutjanus fulvus,-155.398549,20.074412
Lutjanus fulvus,-155.197626,19.962845
Lutjanus fulvus,-155.452934,20.097243
Lutjanus fulvus,-155.475679,20.104933
Lutjanus fulvus,-155.987906,19.835369
Lutjanus fulvus,-155.291466,20.022408
Lutjanus fulvus,-155.420432,20.086498
Lutjanus fulvus,-155.363889,20.055007
Lutjanus fulvus,-155.377613,20.063359
Lutjanus fulvus,-155.889545,19.302749
Lutjanus fulvus,-155.134927,19.912636
Lutjanus fulvus,-155.551866,20.128582
Lutjanus fulvus,-155.232255,19.987086
Lutjanus fulvus,-156.022947,19.799082
Lutjanus fulvus,-155.282715,20.020272
Lutjanus fulvus,-155.751316,20.23945
Lutjanus fulvus,-155.491477,20.109713
Lutjanus fulvus,-155.75121,20.232441
Lutjanus fulvus,-154.971091,19.654152
Lutjanus fulvus,144.72858,13.48248
Lutjanus fulvus,144.87553,13.488364
Lutjanus fulvus,144.812281,13.43301
Lutjanus fulvus,144.784195,13.401068
Lutjanus fulvus,144.80133,13.52536
Lutjanus fulvus,144.768104,13.288111
Lutjanus fulvus,144.80092,13.52711
Lutjanus fulvus,144.76399,13.48827
Lutjanus fulvus,144.80063,13.52892
Lutjanus fulvus,144.701169,13.469909
Lutjanus fulvus,144.78941,13.51091
Lutjanus fulvus,144.80142,13.52361
Lutjanus fulvus,144.78435,13.50911
Lutjanus fulvus,144.78615,13.50964
Lutjanus fulvus,144.703563,13.472138
Lutjanus fulvus,144.700932,13.470538
Lutjanus fulvus,144.703117,13.47235
Lutjanus fulvus,144.703249,13.472591
Lutjanus fulvus,144.702806,13.471312
Lutjanus fulvus,144.702694,13.470959
Lutjanus fulvus,144.700194,13.471883
Lutjanus fulvus,144.701551,13.470893
Lutjanus fulvus,144.661637,13.250874
Lutjanus fulvus,144.661685,13.261572
Lutjanus fulvus,144.89825,13.62654
Lutjanus fulvus,144.646633,13.363522
Lutjanus fulvus,144.658185,13.394705
Lutjanus fulvus,144.768131,13.493722
Lutjanus fulvus,144.80119,13.52121
Lutjanus fulvus,144.767432,13.496809
Lutjanus fulvus,144.84782,13.64457
Lutjanus fulvus,144.65843,13.40532
Lutjanus fulvus,144.760385,13.484976
Lutjanus fulvus,144.655597,13.316273
Lutjanus fulvus,144.815318,13.560682
Lutjanus fulvus,144.798918,13.51658
Lutjanus fulvus,144.773393,13.334202
Lutjanus fulvus,144.956043,13.593142
Lutjanus fulvus,144.741917,13.256929
Lutjanus fulvus,144.924638,13.602218
Lutjanus fulvus,144.67752,13.23656
Lutjanus fulvus,144.938892,13.548394
Lutjanus fulvus,144.640858,13.334835
Lutjanus fulvus,144.682564,13.236662
Lutjanus fulvus,144.77418,13.311612
Lutjanus fulvus,144.67889,13.23733
Lutjanus fulvus,144.709506,13.241581
Lutjanus fulvus,144.653573,13.235518
Lutjanus fulvus,144.703854,13.240801
Lutjanus fulvus,144.830938,13.582792
Lutjanus fulvus,144.738474,13.484897
Lutjanus fulvus,144.861376,13.65984
Lutjanus fulvus,144.801311,13.524499
Lutjanus fulvus,144.90601,13.61882
Lutjanus fulvus,144.651775,13.309201
Lutjanus fulvus,144.704499,13.480645
Lutjanus fulvus,144.935408,13.601198
Lutjanus fulvus,144.738681,13.25333
Lutjanus fulvus,-166.243982,23.655558
Lutjanus fulvus,144.890819,20.536212
Lutjanus fulvus,144.892982,20.535146
Lutjanus fulvus,144.897901,20.551249
Lutjanus fulvus,144.886007,20.547434
Lutjanus fulvus,144.888994,20.551986
Lutjanus fulvus,144.895304,20.551647
Lutjanus fulvus,144.886244,20.548104
Lutjanus fulvus,-176.481791,0.188508
Lutjanus fulvus,-176.477702,0.188202
Lutjanus fulvus,-176.485549,0.197312
Lutjanus fulvus,-176.484832,0.188875
Lutjanus fulvus,-176.48146,0.188509
Lutjanus fulvus,-176.484065,0.200006
Lutjanus fulvus,-176.48416,0.18868
Lutjanus fulvus,145.417821,19.685286
Lutjanus fulvus,145.399164,19.67664
Lutjanus fulvus,-176.47943,0.20593
Lutjanus fulvus,145.409443,19.706144
Lutjanus fulvus,145.409615,19.706685
Lutjanus fulvus,145.404906,19.675158
Lutjanus fulvus,145.405761,19.70752
Lutjanus fulvus,145.415849,19.680935
Lutjanus fulvus,145.398752,19.707341
Lutjanus fulvus,145.419113,19.691573000000002
Lutjanus fulvus,145.414336,19.680546
Lutjanus fulvus,145.41615,19.683131
Lutjanus fulvus,145.413578,19.703407
Lutjanus fulvus,145.412147,19.678238
Lutjanus fulvus,145.403991,19.707934
Lutjanus fulvus,145.415395,19.681302
Lutjanus fulvus,145.396691,19.676684
Lutjanus fulvus,145.407151,19.675364
Lutjanus fulvus,145.404306,19.675042
Lutjanus fulvus,145.416356,19.70221
Lutjanus fulvus,145.389697,19.683946
Lutjanus fulvus,145.837571,17.579022
Lutjanus fulvus,145.391238,19.698677
Lutjanus fulvus,145.40305,19.70842
Lutjanus fulvus,145.651907,18.809106
Lutjanus fulvus,145.635878,18.777708
Lutjanus fulvus,145.666612,18.810883
Lutjanus fulvus,145.678978,18.737343
Lutjanus fulvus,145.637611,18.753238
Lutjanus fulvus,145.643925,18.798559
Lutjanus fulvus,145.676305,18.807988
Lutjanus fulvus,145.638153,18.752531
Lutjanus fulvus,145.637063,18.774658
Lutjanus fulvus,145.639359,18.75145
Lutjanus fulvus,167.529316,-22.584217
Lutjanus fulvus,-151.5457,-16.7729
Lutjanus fulvus,-149.94007,-17.47761
Lutjanus fulvus,-149.75037,-17.56487
Lutjanus fulvus,-149.93856,-17.56787
Lutjanus fulvus,-149.84446,-17.56639
Lutjanus fulvus,-149.75198,-17.47462
Lutjanus fulvus,-149.84602,-17.47614
Lutjanus fulvus,-151.04566,-16.72708
Lutjanus fulvus,164.09168,-20.02947
Lutjanus fulvus,164.47351,-20.21174
Lutjanus fulvus,164.18635,-20.21064
Lutjanus fulvus,164.18821,-19.84921
Lutjanus fulvus,164.09064,-20.21017
Lutjanus fulvus,164.28207,-20.21106
Lutjanus fulvus,164.2829,-20.03034
Lutjanus fulvus,-176.2172,-13.36713
Lutjanus fulvus,165.75653,-21.80135
Lutjanus fulvus,-149.82255,-17.60328
Lutjanus fulvus,164.7529,-21.08445
Lutjanus fulvus,-149.44875,-17.77923
Lutjanus fulvus,-149.39178,-17.76392
Lutjanus fulvus,-176.21407,-13.1909
Lutjanus fulvus,-178.1724,-14.28713
Lutjanus fulvus,-148.26978,-15.07465
Lutjanus fulvus,-178.10888,-14.27735
Lutjanus fulvus,166.07268,-21.3661
Lutjanus fulvus,166.3936,-21.70385
Lutjanus fulvus,166.03678,-21.32183
Lutjanus fulvus,-149.80112,-17.59147
Lutjanus fulvus,-178.1683,-14.24243
Lutjanus fulvus,-176.18318,-13.33323
Lutjanus fulvus,-176.14077,-13.3311
Lutjanus fulvus,166.01822,-21.43023
Lutjanus fulvus,-149.45665,-17.78083
Lutjanus fulvus,-148.28052,-15.05037
Lutjanus fulvus,-148.19105,-15.09542
Lutjanus fulvus,-176.2455,-13.36788
Lutjanus fulvus,166.42623,-21.59657
Lutjanus fulvus,165.7556,-21.82557
Lutjanus fulvus,-178.12067,-14.2676
Lutjanus fulvus,-149.4069,-17.78087
Lutjanus fulvus,-149.7916,-17.5876
Lutjanus fulvus,-176.20515,-13.20718
Lutjanus fulvus,167.4226,-21.03023
Lutjanus fulvus,-176.2626,-13.27317
Lutjanus fulvus,165.67002,-21.79503
Lutjanus fulvus,-148.1969,-15.05823
Lutjanus fulvus,-176.23457,-13.26125
Lutjanus fulvus,-176.2673,-13.29255
Lutjanus fulvus,-178.07443,-14.29788
Lutjanus fulvus,-148.2773,-15.05783
Lutjanus fulvus,-176.23353,-13.23917
Lutjanus fulvus,-147.63238,-23.89277
Lutjanus fulvus,-149.80743,-17.60268
Lutjanus fulvus,-149.83597,-17.5992
Lutjanus fulvus,-178.06263,-14.30493
Lutjanus fulvus,-178.1568,-14.24585
Lutjanus fulvus,-178.10475,-14.28018
Lutjanus fulvus,166.50122,-21.72052
Lutjanus fulvus,166.5062,-21.66932
Lutjanus fulvus,166.5134,-21.66948
Lutjanus fulvus,-176.17355,-13.30113
Lutjanus fulvus,-178.07803,-14.31412
Lutjanus fulvus,-149.43722,-17.78823
Lutjanus fulvus,-176.22623,-13.33932
Lutjanus fulvus,164.6193,-21.03022
Lutjanus fulvus,166.46837,-21.74777
Lutjanus fulvus,-176.25305,-13.24593
Lutjanus fulvus,-149.38878,-17.76593
Lutjanus fulvus,-176.20125,-13.20427
Lutjanus fulvus,164.76183,-21.08713
Lutjanus fulvus,-149.78927,-17.58105
Lutjanus fulvus,-145.80913,-16.17747
Lutjanus fulvus,166.5186,-21.74575
Lutjanus fulvus,-178.08525,-14.31423
Lutjanus fulvus,164.63513,-21.05178
Lutjanus fulvus,166.3489,-21.64887
Lutjanus fulvus,-176.23173,-13.2281
Lutjanus fulvus,-178.10005,-14.28557
Lutjanus fulvus,-147.6442,-23.89907
Lutjanus fulvus,165.66955,-21.79265
Lutjanus fulvus,166.03068,-21.4555
Lutjanus fulvus,-149.7999,-17.5888
Lutjanus fulvus,-149.4137,-17.77443
Lutjanus fulvus,-176.1581,-13.24585
Lutjanus fulvus,-176.18177,-13.39458
Lutjanus fulvus,-147.70807,-23.87105
Lutjanus fulvus,-178.13467,-14.25715
Lutjanus fulvus,-148.272,-14.99122
Lutjanus fulvus,165.56058,-21.74207
Lutjanus fulvus,-176.24223,-13.23662
Lutjanus fulvus,-178.10113,-14.31232
Lutjanus fulvus,-149.79092,-17.56982
Lutjanus fulvus,-149.81815,-17.59447
Lutjanus fulvus,-176.27283,-13.32077
Lutjanus fulvus,166.00622,-21.43998
Lutjanus fulvus,166.48525,-21.70868
Lutjanus fulvus,-176.14835,-13.34018
Lutjanus fulvus,-176.15957,-13.30235
Lutjanus fulvus,166.0856,-21.36905
Lutjanus fulvus,-148.28198,-15.04375
Lutjanus fulvus,-147.70237,-23.88453
Lutjanus fulvus,-178.06025,-14.31327
Lutjanus fulvus,-176.26108,-13.28715
Lutjanus fulvus,166.45088,-21.62623
Lutjanus fulvus,-176.23405,-13.3463
Lutjanus fulvus,-178.03342,-14.32227
Lutjanus fulvus,166.13343,-21.41038
Lutjanus fulvus,-178.1262,-14.26287
Lutjanus fulvus,-178.14148,-14.25403
Lutjanus fulvus,-176.20777,-13.3906
Lutjanus fulvus,166.44777,-21.73045
Lutjanus fulvus,-176.23848,-13.25178
Lutjanus fulvus,164.68457,-21.10602
Lutjanus fulvus,-156.494211,20.633943
Lutjanus fulvus,-155.028556,19.733346
Lutjanus fulvus,178.981742,-17.581089
Lutjanus fulvus,145.938864,-16.676361
Lutjanus fulvus,145.449635,-14.68348
Lutjanus fulvus,145.454245,-14.689862
Lutjanus fulvus,145.44695,-14.681224
Lutjanus fulvus,178.541747,-17.255481
Lutjanus fulvus,145.452181,-14.659273
Lutjanus fulvus,145.443961,-14.677124
Lutjanus fulvus,145.4621,-14.68038
Lutjanus fulvus,-179.193,-8.521533
Lutjanus fulvus,157.481611,-8.748235
Lutjanus fulvus,120.875375,13.705207
Lutjanus fulvus,120.892884,13.681606
Lutjanus fulvus,134.09563,-0.903096
Lutjanus fulvus,-157.432919,1.885
Lutjanus fulvus,-171.717489,-2.814419
Lutjanus fulvus,118.716111,9.7275
Lutjanus fulvus,96.866751,-12.141721
Lutjanus fulvus,-172.182198,-4.513292
Lutjanus fulvus,-159.334229,22.041761
Lutjanus fulvus,145.990105,-16.421555
Lutjanus fulvus,93.017631,11.980104
Lutjanus fulvus,93.017857,11.980328
Lutjanus fulvus,130.555722,-2.244373
Lutjanus fulvus,-157.7641,21.249863
Lutjanus fulvus,145.739,15.226
Lutjanus fulvus,92.3265,20.6113
Lutjanus fulvus,39.064,-5.293
Lutjanus fulvus,166.595,-22.4947
Lutjanus fulvus,-149.85,-17.513
Lutjanus fulvus,-149.925,-17.503
Lutjanus fulvus,121.24,23.05
Lutjanus fulvus,121.38,22.34
Lutjanus fulvus,121.51,23.49
Lutjanus fulvus,-149.87,-17.483
Lutjanus fulvus,116.483,-8.8
Lutjanus fulvus,128.969167,27.668056
Lutjanus fulvus,128.893889,27.856944
Lutjanus fulvus,128.984444,27.8075
Lutjanus fulvus,128.968889,27.660833
Lutjanus fulvus,128.643056,27.417778
Lutjanus fulvus,133.505278,33.468889
Lutjanus fulvus,129.598056,29.454722
Lutjanus fulvus,127.633333,26.2
Lutjanus fulvus,128.882778,27.824722
Lutjanus fulvus,130.9925,30.726944
Lutjanus fulvus,159.106495,-8.985207
Lutjanus fulvus,-155.061571,19.724264
Lutjanus fulvus,-156.461236,20.667028
Lutjanus fulvus,158.06836,-8.46532
Lutjanus fulvus,158.052707,-8.764075
Lutjanus fulvus,123.415926,9.56304
Lutjanus fulvus,-154.832393,19.468211
Lutjanus fulvus,57.618064,-19.95993
Lutjanus fulvus,-157.425462,1.932378
Lutjanus fulvus,121.23,23.05
Lutjanus fulvus,121.2,22.42
Lutjanus fulvus,120.38,22.35
Lutjanus fulvus,-151.699851,-16.495306
Lutjanus fulvus,130.734333,-0.504867
Lutjanus fulvus,163.018667,5.339056
Lutjanus fulvus,115.593832,-8.275623
Lutjanus fulvus,115.592715,-8.273648
Lutjanus fulvus,-157.695511,21.271578
Lutjanus fulvus,165.368408,-21.625844
Lutjanus fulvus,130.728898,-0.496311
Lutjanus fulvus,-159.498235,22.218906
Lutjanus fulvus,124.769672,1.604696
Lutjanus fulvus,-157.6954,21.2721
Lutjanus fulvus,-154.832361,19.468393
Lutjanus fulvus,-157.695254,21.271271
Lutjanus fulvus,-156.640118,21.016429
Lutjanus fulvus,-155.98163,20.756581
Lutjanus fulvus,-159.816278,-21.257237
Lutjanus fulvus,145.462203,-14.68025
Lutjanus fulvus,145.461122,-14.69993
Lutjanus fulvus,145.464958,-14.682005
Lutjanus fulvus,145.453835,-14.688774
Lutjanus fulvus,145.442917,-14.674048
Lutjanus fulvus,145.451447,-14.664178
Lutjanus fulvus,129.828333,28.636667
Lutjanus fulvus,-159.461385,21.8728
Lutjanus fulvus,-159.33429,22.041788
Lutjanus fulvus,-159.334104,22.042275
Lutjanus fulvus,151.892564,7.314774
Lutjanus fulvus,167.244188,-15.52571
Lutjanus fulvus,-155.013984,19.736897
Lutjanus fulvus,-159.76729,20.97266
Lutjanus fulvus,-158.34155,20.8838
Lutjanus fulvus,-157.36027,19.59474
Lutjanus fulvus,-156.42329,19.656860000000002
Lutjanus fulvus,-159.14888,21.37668
Lutjanus fulvus,-158.063612,21.652778
Lutjanus fulvus,157.951667,-8.430133
Lutjanus fulvus,-159.807129,22.006721
Lutjanus fulvus,-160.179291,21.932855
Lutjanus fulvus,-159.884033,21.912471
Lutjanus fulvus,-158.189392,21.419833
Lutjanus fulvus,-156.159668,20.881909
Lutjanus fulvus,-157.134705,21.074249
Lutjanus fulvus,-157.013855,20.822875
Lutjanus fulvus,-155.23544,20.057221
Lutjanus fulvus,-156.691132,20.544722
Lutjanus fulvus,-159.772677,-21.200247
Lutjanus fulvus,35.45493,-21.48439
Lutjanus fulvus,35.41379,-21.76771
Lutjanus fulvus,-158.113412,21.594455
Lutjanus fulvus,115.509888,-8.519052
Lutjanus fulvus,-158.113367,21.594953
Lutjanus fulvus,-158.065,21.648888
Lutjanus fulvus,-156.637956,21.014475
Lutjanus fulvus,-158.065017,21.648763
Lutjanus fulvus,-157.695453,21.27197
Lutjanus fulvus,-157.696322,21.270525
Lutjanus fulvus,-158.064499,21.648147
Lutjanus fulvus,-159.469413,21.878303
Lutjanus fulvus,-158.11172,21.597053
Lutjanus fulvus,120.893758,13.682062
Lutjanus fulvus,115.510365,-8.53744
Lutjanus fulvus,115.509313,-8.536442
Lutjanus fulvus,120.84742,13.671583
Lutjanus fulvus,-158.064928,21.648522
Lutjanus fulvus,-174.333033,-19.752233
Lutjanus fulvus,-174.374117,-19.751583
Lutjanus fulvus,-174.3543,-19.76935
Lutjanus fulvus,-174.375317,-19.819917
Lutjanus fulvus,-174.562683,-19.765083
Lutjanus fulvus,-174.5462,-19.768233
Lutjanus fulvus,-175.1132,-21.039033
Lutjanus fulvus,-175.00475,-21.042583
Lutjanus fulvus,-175.168167,-21.118133
Lutjanus fulvus,-175.10555,-21.068833
Lutjanus fulvus,-175.248017,-21.057367
Lutjanus fulvus,-175.26015,-21.048317
Lutjanus fulvus,-175.3164,-21.05305
Lutjanus fulvus,-175.307733,-21.072967
Lutjanus fulvus,179.649417,-16.194133
Lutjanus fulvus,179.627617,-16.188083
Lutjanus fulvus,179.707417,-16.153583
Lutjanus fulvus,179.69325,-16.197933
Lutjanus fulvus,179.6617,-16.194217
Lutjanus fulvus,179.706733,-16.1835
Lutjanus fulvus,179.689667,-16.198467
Lutjanus fulvus,179.3179,-16.27425
Lutjanus fulvus,179.356183,-16.331833
Lutjanus fulvus,179.3279,-16.33945
Lutjanus fulvus,179.309017,-16.34035
Lutjanus fulvus,178.35765,-18.148817
Lutjanus fulvus,178.346767,-18.15275
Lutjanus fulvus,178.369667,-18.154217
Lutjanus fulvus,178.376333,-18.136633
Lutjanus fulvus,178.70365,-18.004867
Lutjanus fulvus,178.74015,-18.0211
Lutjanus fulvus,178.729,-18.041083
Lutjanus fulvus,178.744467,-18.026283
Lutjanus fulvus,178.741617,-18.033267
Lutjanus fulvus,178.710817,-17.986417
Lutjanus fulvus,178.708817,-17.996167
Lutjanus fulvus,178.72615,-17.954167
Lutjanus fulvus,178.711383,-17.9773
Lutjanus fulvus,178.747217,-18.001817
Lutjanus fulvus,178.742533,-18.0005
Lutjanus fulvus,178.75295,-17.983867
Lutjanus fulvus,-178.802783,-18.169967
Lutjanus fulvus,-178.808267,-18.169067
Lutjanus fulvus,-178.731917,-18.214317
Lutjanus fulvus,-178.733967,-18.2039
Lutjanus fulvus,-178.734583,-18.199917
Lutjanus fulvus,-178.671267,-18.218333
Lutjanus fulvus,-178.65175,-18.171117
Lutjanus fulvus,-178.678267,-18.19265
Lutjanus fulvus,-178.718867,-18.192333
Lutjanus fulvus,-178.710783,-18.2547
Lutjanus fulvus,-178.714567,-18.25335
Lutjanus fulvus,-178.689083,-18.230417
Lutjanus fulvus,-149.807433,-17.602683
Lutjanus fulvus,-149.790917,-17.569817
Lutjanus fulvus,-149.789267,-17.58105
Lutjanus fulvus,-149.801117,-17.591467
Lutjanus fulvus,-149.835967,-17.5992
Lutjanus fulvus,-149.81815,-17.594467
Lutjanus fulvus,-149.82255,-17.603283
Lutjanus fulvus,-145.809133,-16.177467
Lutjanus fulvus,-147.702367,-23.884533
Lutjanus fulvus,-147.632383,-23.892767
Lutjanus fulvus,-147.6442,-23.899067
Lutjanus fulvus,-147.708067,-23.87105
Lutjanus fulvus,-148.269783,-15.07465
Lutjanus fulvus,-148.19105,-15.095417
Lutjanus fulvus,-148.272,-14.991217
Lutjanus fulvus,-148.1969,-15.058233
Lutjanus fulvus,-148.281983,-15.04375
Lutjanus fulvus,-148.2773,-15.057833
Lutjanus fulvus,-148.280517,-15.050367
Lutjanus fulvus,-149.44875,-17.779233
Lutjanus fulvus,-149.45665,-17.780833
Lutjanus fulvus,-149.4069,-17.780867
Lutjanus fulvus,-149.4137,-17.774433
Lutjanus fulvus,-149.437217,-17.788233
Lutjanus fulvus,-149.391783,-17.763917
Lutjanus fulvus,-149.388783,-17.765933
Lutjanus fulvus,167.45095,-16.091383
Lutjanus fulvus,167.466917,-16.103217
Lutjanus fulvus,167.457433,-16.095583
Lutjanus fulvus,167.4658,-16.084817
Lutjanus fulvus,167.45745,-16.095567
Lutjanus fulvus,167.457533,-16.084367
Lutjanus fulvus,167.804,-16.5323
Lutjanus fulvus,167.811,-16.5254
Lutjanus fulvus,167.797,-16.5387
Lutjanus fulvus,167.805,-16.5072
Lutjanus fulvus,167.832,-16.481
Lutjanus fulvus,167.844,-16.4878
Lutjanus fulvus,167.854,-16.5148
Lutjanus fulvus,167.852,-16.5103
Lutjanus fulvus,167.856,-16.5236
Lutjanus fulvus,167.455267,-16.094083
Lutjanus fulvus,167.45045,-16.08395
Lutjanus fulvus,167.454267,-16.063217
Lutjanus fulvus,167.449983,-16.061467
Lutjanus fulvus,167.44525,-16.06265
Lutjanus fulvus,167.444033,-16.072033
Lutjanus fulvus,167.444733,-16.068233
Lutjanus fulvus,168.222117,-17.570417
Lutjanus fulvus,168.225617,-17.536083
Lutjanus fulvus,168.254317,-17.550567
Lutjanus fulvus,168.260017,-17.548633
Lutjanus fulvus,168.26795,-17.5449
Lutjanus fulvus,168.405333,-17.523533
Lutjanus fulvus,168.40945,-17.5255
Lutjanus fulvus,168.421833,-17.526967
Lutjanus fulvus,168.41785,-17.511567
Lutjanus fulvus,168.426933,-17.52615
Lutjanus fulvus,168.421083,-17.51565
Lutjanus fulvus,168.413583,-17.523183
Lutjanus fulvus,168.41035,-17.52255
Lutjanus fulvus,168.4167,-17.523633
Lutjanus fulvus,168.412533,-17.509817
Lutjanus fulvus,168.4204,-17.52165
Lutjanus fulvus,168.419683,-17.523867
Lutjanus fulvus,168.422767,-17.523167
Lutjanus fulvus,177.330683,-6.108717
Lutjanus fulvus,177.342067,-6.115617
Lutjanus fulvus,177.34795,-6.115067
Lutjanus fulvus,177.335183,-6.113233
Lutjanus fulvus,177.3334,-6.111817
Lutjanus fulvus,178.69645,-7.493133
Lutjanus fulvus,178.694483,-7.495333
Lutjanus fulvus,178.698033,-7.49065
Lutjanus fulvus,178.68425,-7.469067
Lutjanus fulvus,178.676433,-7.461783
Lutjanus fulvus,178.69415,-7.476483
Lutjanus fulvus,178.688217,-7.471817
Lutjanus fulvus,179.204683,-8.520533
Lutjanus fulvus,179.168983,-8.439567
Lutjanus fulvus,178.3435,-7.978933
Lutjanus fulvus,178.377367,-8.053833
Lutjanus fulvus,178.390317,-7.939383
Lutjanus fulvus,178.32905,-8.03685
Lutjanus fulvus,178.351083,-8.047533
Lutjanus fulvus,177.329633,-6.10345
Lutjanus fulvus,-157.487483,1.962917
Lutjanus fulvus,-157.483283,1.997817
Lutjanus fulvus,-157.456133,1.988433
Lutjanus fulvus,-157.456783,2.05145
Lutjanus fulvus,-157.495783,2.022817
Lutjanus fulvus,-157.497467,2.0395
Lutjanus fulvus,-157.468367,1.936083
Lutjanus fulvus,-157.479633,1.93495
Lutjanus fulvus,-157.476683,1.932217
Lutjanus fulvus,-157.472333,1.921067
Lutjanus fulvus,-157.400767,2.0141
Lutjanus fulvus,-157.518733,1.917667
Lutjanus fulvus,173.035167,1.747533
Lutjanus fulvus,172.919883,1.888917
Lutjanus fulvus,173.0367,1.791617
Lutjanus fulvus,172.87665,1.95465
Lutjanus fulvus,172.8422,1.886817
Lutjanus fulvus,172.819033,1.888233
Lutjanus fulvus,172.862133,1.95665
Lutjanus fulvus,172.99775,1.84515
Lutjanus fulvus,173.880733,0.442317
Lutjanus fulvus,173.8305,0.439783
Lutjanus fulvus,173.8557,0.46345
Lutjanus fulvus,173.823617,0.373483
Lutjanus fulvus,173.898333,0.407017
Lutjanus fulvus,173.822833,0.396767
Lutjanus fulvus,173.853417,0.344333
Lutjanus fulvus,173.8623,0.33805
Lutjanus fulvus,173.900217,0.382733
Lutjanus fulvus,173.883417,0.359267
Lutjanus fulvus,173.389017,0.248717
Lutjanus fulvus,173.3938,0.24385
Lutjanus fulvus,173.379733,0.2689
Lutjanus fulvus,173.380833,0.256433
Lutjanus fulvus,173.37975,0.2689
Lutjanus fulvus,173.4183,0.244817
Lutjanus fulvus,173.39145,0.272917
Lutjanus fulvus,173.418333,0.244833
Lutjanus fulvus,173.449317,0.22245
Lutjanus fulvus,173.441667,0.228367
Lutjanus fulvus,173.44885,0.207367
Lutjanus fulvus,173.403017,0.229817
Lutjanus fulvus,173.397483,0.2379
Lutjanus fulvus,173.4065,0.208633
Lutjanus fulvus,173.441367,0.204383
Lutjanus fulvus,173.4346,0.1983
Lutjanus fulvus,173.426,0.190667
Lutjanus fulvus,-178.1262,-14.262867
Lutjanus fulvus,-178.101133,-14.312317
Lutjanus fulvus,-178.141483,-14.254033
Lutjanus fulvus,-178.033417,-14.322267
Lutjanus fulvus,-178.10475,-14.280183
Lutjanus fulvus,-178.074433,-14.297883
Lutjanus fulvus,-178.120667,-14.2676
Lutjanus fulvus,-178.134667,-14.25715
Lutjanus fulvus,-178.06025,-14.313267
Lutjanus fulvus,-178.1683,-14.242433
Lutjanus fulvus,-178.1724,-14.287133
Lutjanus fulvus,-178.108883,-14.27735
Lutjanus fulvus,-178.08525,-14.314233
Lutjanus fulvus,-178.078033,-14.314117
Lutjanus fulvus,-178.10005,-14.285567
Lutjanus fulvus,-178.062633,-14.304933
Lutjanus fulvus,-176.2172,-13.367133
Lutjanus fulvus,-176.181767,-13.394583
Lutjanus fulvus,-176.234567,-13.26125
Lutjanus fulvus,-176.20125,-13.204267
Lutjanus fulvus,-176.159567,-13.30235
Lutjanus fulvus,-176.20515,-13.207183
Lutjanus fulvus,-176.214067,-13.1909
Lutjanus fulvus,-176.14835,-13.340183
Lutjanus fulvus,-176.233533,-13.239167
Lutjanus fulvus,-176.183183,-13.333233
Lutjanus fulvus,-176.140767,-13.3311
Lutjanus fulvus,-176.231733,-13.2281
Lutjanus fulvus,-176.2455,-13.367883
Lutjanus fulvus,-176.242233,-13.236617
Lutjanus fulvus,-176.17355,-13.301133
Lutjanus fulvus,-176.238483,-13.251783
Lutjanus fulvus,-176.207767,-13.3906
Lutjanus fulvus,-176.25305,-13.245933
Lutjanus fulvus,-176.261083,-13.28715
Lutjanus fulvus,-176.2626,-13.273167
Lutjanus fulvus,-176.272833,-13.320767
Lutjanus fulvus,-176.226233,-13.339317
Lutjanus fulvus,152.416,-10.78315
Lutjanus fulvus,152.38385,-10.767667
Lutjanus fulvus,150.868933,-10.52705
Lutjanus fulvus,150.816867,-10.53275
Lutjanus fulvus,146.94445,-1.964717
Lutjanus fulvus,146.9288,-1.965017
Lutjanus fulvus,146.9812,-1.9643
Lutjanus fulvus,146.957867,-1.964817
Lutjanus fulvus,146.9991,-1.941433
Lutjanus fulvus,146.9657,-1.941933
Lutjanus fulvus,146.934333,-1.924217
Lutjanus fulvus,147.0264,-1.967033
Lutjanus fulvus,147.01755,-1.964117
Lutjanus fulvus,147.0209,-1.9419
Lutjanus fulvus,150.493017,-2.455033
Lutjanus fulvus,150.490717,-2.58165
Lutjanus fulvus,150.47965,-2.554933
Lutjanus fulvus,150.461467,-2.5341
Lutjanus fulvus,150.438283,-2.4754
Lutjanus fulvus,150.3929,-2.45555
Lutjanus fulvus,150.4548,-2.429283
Lutjanus fulvus,150.441283,-2.4183
Lutjanus fulvus,164.761833,-21.087133
Lutjanus fulvus,165.756533,-21.80135
Lutjanus fulvus,165.7556,-21.825567
Lutjanus fulvus,166.072683,-21.3661
Lutjanus fulvus,166.036783,-21.321833
Lutjanus fulvus,166.133433,-21.410383
Lutjanus fulvus,166.030683,-21.4555
Lutjanus fulvus,166.018217,-21.430233
Lutjanus fulvus,166.006217,-21.439983
Lutjanus fulvus,167.4226,-21.030233
Lutjanus fulvus,166.450883,-21.626233
Lutjanus fulvus,166.426233,-21.596567
Lutjanus fulvus,166.5062,-21.669317
Lutjanus fulvus,166.5134,-21.669483
Lutjanus fulvus,166.501217,-21.720517
Lutjanus fulvus,166.48525,-21.708683
Lutjanus fulvus,165.560583,-21.742067
Lutjanus fulvus,165.670017,-21.795033
Lutjanus fulvus,166.468367,-21.747767
Lutjanus fulvus,166.447767,-21.73045
Lutjanus fulvus,166.3489,-21.648867
Lutjanus fulvus,164.635133,-21.051783
Lutjanus fulvus,164.6193,-21.030217
Lutjanus fulvus,164.684567,-21.106017
Lutjanus fulvus,158.008483,-8.500383
Lutjanus fulvus,157.977667,-8.4341
Lutjanus fulvus,157.990233,-8.4387
Lutjanus fulvus,158.0203,-8.459967
Lutjanus fulvus,158.02755,-8.481233
Lutjanus fulvus,158.026683,-8.46405
Lutjanus fulvus,158.042683,-8.462567
Lutjanus fulvus,158.053267,-8.46235
Lutjanus fulvus,157.0299,-8.22335
Lutjanus fulvus,157.007833,-8.156983
Lutjanus fulvus,160.884683,-9.86765
Lutjanus fulvus,160.842167,-9.86365
Lutjanus fulvus,160.831067,-9.8564329999999991
Lutjanus fulvus,160.108433,-8.95815
Lutjanus fulvus,160.113083,-8.968717
Lutjanus fulvus,160.055583,-8.965883
Lutjanus fulvus,160.070933,-8.969483
Lutjanus fulvus,138.1129,9.593233
Lutjanus fulvus,138.13101700000001,9.595683
Lutjanus fulvus,138.1143,9.586883
Lutjanus fulvus,138.11105,9.58975
Lutjanus fulvus,138.20835,9.555567
Lutjanus fulvus,151.603317,7.502583
Lutjanus fulvus,138.19595,9.568983
Lutjanus fulvus,151.572283,7.468317
Lutjanus fulvus,138.19085,9.56925
Lutjanus fulvus,151.564317,7.45965
Lutjanus fulvus,138.1953,9.543283
Lutjanus fulvus,138.18495,9.567717
Lutjanus fulvus,138.200067,9.553683
Lutjanus fulvus,138.211717,9.570017
Lutjanus fulvus,138.183267,9.566117
Lutjanus fulvus,138.20205,9.573283
Lutjanus fulvus,151.519633,7.414417
Lutjanus fulvus,138.103467,9.581583
Lutjanus fulvus,138.1008,9.579317
Lutjanus fulvus,151.6632,7.406767
Lutjanus fulvus,138.124583,9.597933
Lutjanus fulvus,151.8168,7.672867
Lutjanus fulvus,134.239867,7.25005
Lutjanus fulvus,134.2156,7.327867
Lutjanus fulvus,134.586517,7.347967
Lutjanus fulvus,134.611067,7.388133
Lutjanus fulvus,134.456583,7.518033
Lutjanus fulvus,134.478633,7.530883
Lutjanus fulvus,134.479917,7.496033
Lutjanus fulvus,134.470467,7.466433
Lutjanus fulvus,134.388167,7.535317
Lutjanus fulvus,134.379417,7.523683
Lutjanus fulvus,134.471517,7.524667
Lutjanus fulvus,134.4232,7.52175
Lutjanus fulvus,134.476033,7.48225
Lutjanus fulvus,134.603117,7.72795
Lutjanus fulvus,134.614133,7.7425
Lutjanus fulvus,134.5699,7.760767
Lutjanus fulvus,134.630483,7.820567
Lutjanus fulvus,171.618183,7.163017
Lutjanus fulvus,171.027083,7.1434
Lutjanus fulvus,171.045283,7.126733
Lutjanus fulvus,171.065917,7.19735
Lutjanus fulvus,169.918383,10.457617
Lutjanus fulvus,-159.745967,-21.271883
Lutjanus fulvus,-163.165217,-18.006867
Lutjanus fulvus,-159.796133,-18.9284
Lutjanus fulvus,-159.754167,-18.942083
Lutjanus fulvus,-159.7455,-18.943417
Lutjanus fulvus,-159.815117,-18.86805
Lutjanus fulvus,-159.76795,-18.9305
Lutjanus fulvus,-159.806217,-18.899817
Lutjanus fulvus,-159.814383,-18.906117
Lutjanus fulvus,-159.808117,-18.8849
Lutjanus fulvus,-159.742567,-18.94115
Lutjanus fulvus,-159.746333,-18.867233
Lutjanus fulvus,-159.725,-18.91205
Lutjanus fulvus,-159.81475,-18.897267
Lutjanus fulvus,-159.804717,-18.870383
Lutjanus fulvus,166.955617,-0.527083
Lutjanus fulvus,166.9119,-0.521467
Lutjanus fulvus,166.9467,-0.54965
Lutjanus fulvus,166.9506,-0.547433
Lutjanus fulvus,166.92225,-0.5115
Lutjanus fulvus,166.952833,-0.545167
Lutjanus fulvus,166.908533,-0.531767
Lutjanus fulvus,166.951767,-0.53785
Lutjanus fulvus,166.952083,-0.535883
Lutjanus fulvus,166.908833,-0.536933
Lutjanus fulvus,166.911,-0.543917
Lutjanus fulvus,166.916383,-0.54995
Lutjanus fulvus,166.952567,-0.53395
Lutjanus fulvus,166.92415,-0.509483
Lutjanus fulvus,166.92675,-0.506467
Lutjanus fulvus,166.954717,-0.50545
Lutjanus fulvus,166.960217,-0.515117
Lutjanus fulvus,166.956617,-0.52645
Lutjanus fulvus,166.96055,-0.522517
Lutjanus fulvus,166.960917,-0.519717
Lutjanus fulvus,-172.174983,-13.71625
Lutjanus fulvus,-172.183183,-13.727683
Lutjanus fulvus,-172.182283,-13.7157
Lutjanus fulvus,-172.19445,-13.725383
Lutjanus fulvus,-172.183167,-13.72775
Lutjanus fulvus,-172.19375,-13.728567
Lutjanus fulvus,-172.1887,-13.7325
Lutjanus fulvus,-172.67535,-13.508133
Lutjanus fulvus,-172.656533,-13.507083
Lutjanus fulvus,-172.6646,-13.50355
Lutjanus fulvus,-172.668833,-13.504917
Lutjanus fulvus,-172.670567,-13.507533
Lutjanus fulvus,-172.659167,-13.503567
Lutjanus fulvus,-171.42935,-14.028467
Lutjanus fulvus,-171.43305,-14.034967
Lutjanus fulvus,-171.42615,-14.03695
Lutjanus fulvus,-171.4234,-14.028633
Lutjanus fulvus,-171.438367,-14.052967
Lutjanus fulvus,-171.432967,-14.050183
Lutjanus fulvus,-172.0833,-13.860767
Lutjanus fulvus,-172.081867,-13.8814
Lutjanus fulvus,-172.076383,-13.85345
Lutjanus fulvus,-172.067483,-13.8894
Lutjanus fulvus,-172.0701,-13.89195
Lutjanus fulvus,-172.0854,-13.89775
Lutjanus fulvus,-172.127883,-13.853717
Lutjanus fulvus,124.764487,1.618636
Lutjanus fulvus,124.742117,1.615416
Lutjanus fulvus,128.974167,27.815556
Lutjanus fulvus,131.071389,30.691389
Lutjanus fulvus,127.916667,26.316667
Lutjanus fulvus,130.198333,30.431111
Lutjanus fulvus,130.200278,30.483056
Lutjanus fulvus,129.5,28.383333
Lutjanus fulvus,129.583333,28.35
Lutjanus fulvus,130.993056,30.527778
Lutjanus fulvus,128.888611,27.870278
Lutjanus fulvus,127.966667,26.583333
Lutjanus fulvus,128.89,27.857778
Lutjanus fulvus,131.083333,30.683333
Lutjanus fulvus,129.023611,27.738889
Lutjanus fulvus,128.968889,27.707222
Lutjanus fulvus,122.985,24.441111
Lutjanus fulvus,122.942778,24.451389
Lutjanus fulvus,129.312222,28.336389
Lutjanus fulvus,131.016667,30.8
Lutjanus fulvus,142.192222,27.063333
Lutjanus fulvus,130.966667,30.433333
Lutjanus fulvus,130.965556,30.463333
Lutjanus fulvus,130.05,31.833333
Lutjanus fulvus,129.848056,29.836667
Lutjanus fulvus,130.963611,30.4625
Lutjanus fulvus,123.783333,24.383611
Lutjanus fulvus,129.263889,28.190278
Lutjanus fulvus,131.036389,30.826667
Lutjanus fulvus,128.411111,27.0475
Lutjanus fulvus,128.4,27.035833
Lutjanus fulvus,128.401389,27.050278
Lutjanus fulvus,130.421389,30.2675
Lutjanus fulvus,128.31,26.73
Lutjanus fulvus,-159.776349,-21.229237
Lutjanus fulvus,148.997887,-20.895035
Lutjanus fulvus,-159.584033,22.220874
Lutjanus fulvus,134.2804,7.126083
Lutjanus fulvus,-158.110278,21.594445
Lutjanus fulvus,145.46565,-14.68279
Lutjanus fulvus,145.44195,-14.68689
Lutjanus fulvus,145.46565,-14.68717
Lutjanus fulvus,146.44973,-17.77205
Lutjanus fulvus,146.27118,-16.78387
Lutjanus fulvus,153.62873,-28.6128
Lutjanus fulvus,145.456768,-14.680473
Lutjanus fulvus,-150.988987,-16.812655
Lutjanus fulvus,-150.981963,-16.714648
Lutjanus fulvus,-159.4487,22.225747
Lutjanus fulvus,-156.63855,21.015151
Lutjanus fulvus,-159.498862,22.219175
Lutjanus fulvus,-156.497326,20.633281
Lutjanus fulvus,-156.495416,20.630952
Lutjanus fulvus,-158.064445,21.648612
Lutjanus fulvus,178.160672,-17.254317
Lutjanus fulvus,-157.861558,21.289612
Lutjanus fulvus,115.66054,-8.338105
Lutjanus fulvus,145.446408,-14.677702
Lutjanus fulvus,119.672337,-8.793788
Lutjanus fulvus,145.970368,-16.758223
Lutjanus fulvus,177.660587,-18.20196
Lutjanus fulvus,119.636211,-8.511116
Lutjanus fulvus,145.735311,-16.821465
Lutjanus fulvus,145.783889,-15.500278
Lutjanus fulvus,32.679,-27.546
Lutjanus fulvus,114.383,-8.15
Lutjanus fulvus,-158.064664,21.65315
Lutjanus fulvus,-154.81883,19.488476
Lutjanus fulvus,121.016,12.1936
Lutjanus fulvus,-139.016,-21.885
Lutjanus fulvus,120.951,13.5311
Lutjanus fulvus,-176.225,-13.3639
Lutjanus fulvus,-144.326,-27.6503
Lutjanus fulvus,-176.224,-13.2653
Lutjanus fulvus,-140.064,-9.461
Lutjanus fulvus,-176.253,-13.3214
Lutjanus fulvus,-158.068612,21.657138
Lutjanus fulvus,130.0353,-4.5784
Lutjanus fulvus,128.102,-3.71
Lutjanus fulvus,125.5005,-8.5573
Lutjanus fulvus,144.0318,-9.9513
Lutjanus fulvus,144.6792,-9.986
Lutjanus fulvus,144.3855,-13.9568
Lutjanus fulvus,145.9996,-16.9921
Lutjanus fulvus,144.5007,-13.9773
Lutjanus fulvus,145.9963,-16.9233
Lutjanus fulvus,169.9756,10.2822
Lutjanus fulvus,130.6776,-0.5551
Lutjanus fulvus,130.6588,-0.5703
Lutjanus fulvus,130.6034,-0.5903
Lutjanus fulvus,130.6652,-0.56
Lutjanus fulvus,122.9849,-12.2412
Lutjanus fulvus,122.9833,-12.2405
Lutjanus fulvus,122.9988,-12.244
Lutjanus fulvus,146.5576,-13.8954
Lutjanus fulvus,168.229,-17.563
Lutjanus fulvus,150.1026,-5.2339
Lutjanus fulvus,150.0872,-5.4344
Lutjanus fulvus,152.0196,-4.2419
Lutjanus fulvus,150.1077,-5.3005
Lutjanus fulvus,-144.6947,-16.8388
Lutjanus fulvus,-134.8661,-23.1011
Lutjanus fulvus,-134.9034,-23.1284
Lutjanus fulvus,-146.2403,-15.5544
Lutjanus fulvus,-146.1411,-15.7889
Lutjanus fulvus,-145.7018,-16.077
Lutjanus fulvus,-141.0019,-18.0675
Lutjanus fulvus,115.5965,-8.279
Lutjanus fulvus,-157.6926,21.2712
Lutjanus fulvus,-158.0639,21.6531
Lutjanus fulvus,-174.4822,-19.9607
Lutjanus fulvus,-174.33,-18.0308
Lutjanus fulvus,-171.7613,-13.8199
Lutjanus fulvus,-168.1567,-14.5331
Lutjanus fulvus,-168.1594,-14.5416
Lutjanus fulvus,-168.1618,-14.5434
Lutjanus fulvus,-163.1934,-18.0483
Lutjanus fulvus,-151.4223,-16.7426
Lutjanus fulvus,-151.0466,-16.7278
Lutjanus fulvus,-151.0357,-16.6928
Lutjanus fulvus,-145.6934,-16.0832
Lutjanus fulvus,-145.7017,-16.0722
Lutjanus fulvus,-145.8808,-15.9349
Lutjanus fulvus,-140.165,-8.9479
Lutjanus fulvus,-139.1041,-9.9064
Lutjanus fulvus,-159.81,-18.8549
Lutjanus fulvus,-159.7588,-18.9283
Lutjanus fulvus,-174.1029,-18.7146
Lutjanus fulvus,-174.6828,-20.0229
Lutjanus fulvus,115.5945,-8.2773
Lutjanus fulvus,95.2696,5.8672
Lutjanus fulvus,115.5946,-8.2778
Lutjanus fulvus,95.2512,5.8829
Lutjanus fulvus,95.3779,5.8259
Lutjanus fulvus,95.1379,5.6322
Lutjanus fulvus,115.5945,-8.277
Lutjanus fulvus,146.4497,-17.772
Lutjanus fulvus,145.4656,-14.6828
Lutjanus fulvus,145.4656,-14.6872
Lutjanus fulvus,145.442,-14.6869
Lutjanus fulvus,146.2712,-16.7839
Lutjanus fulvus,153.6287,-28.6128
Lutjanus fulvus,-158.06475,21.647885
Lutjanus fulvus,-157.695679,21.270608
Lutjanus fulvus,-157.846849,21.280058
Lutjanus fulvus,-144.32999,-27.64666
Lutjanus fulvus,-144.37832,-27.58249
Lutjanus fulvus,130.725233,-0.49995
Lutjanus fulvus,39.990067,-3.345083
Lutjanus fulvus,40.675556,-15.090833
Lutjanus fulvus,39.06423,-5.292896
Lutjanus fulvus,145.738617,15.225555
Lutjanus fulvus,63.466944,-19.661389
Lutjanus fulvus,115.595312,-8.277152
Lutjanus fulvus,-156.438206,20.616716
Lutjanus fulvus,119.673633,-8.78855
Lutjanus fulvus,178.3639,-17.490605
Lutjanus fulvus,178.221197,-17.337222
Lutjanus fulvus,131.773667,2.929117
Lutjanus fulvus,134.57525,7.35669
Lutjanus fulvus,134.623056,7.385722
Lutjanus fulvus,63.448156,-19.669961
Lutjanus fulvus,-158.18652,21.416786
Lutjanus fulvus,-144.333,-27.64583
Lutjanus fulvus,-158.064315,21.648095
Lutjanus fulvus,125.58763,-8.54817
Lutjanus fulvus,-149.75444,-17.49805
Lutjanus fulvus,153.57632,-28.3615
Lutjanus fulvus,121.0165,12.19349
Lutjanus fulvus,120.95083,13.53116
Lutjanus fulvus,-158.064835,21.652831
Lutjanus fulvus,134.26858,7.10025
Lutjanus fulvus,134.5255,7.27478
Lutjanus fulvus,134.21867,7.00372
Lutjanus fulvus,120.71,21.97
Lutjanus fulvus,160.182475,-9.105455
Lutjanus fulvus,-157.714781,21.393003
Lutjanus fulvus,-158.064492,21.651714
Lutjanus fulvus,144.703499,13.471997
Lutjanus fulvus,119.577022,-8.437795
